Name,Team,G,PA,AB,H,1B,2B,3B,HR,R,RBI,BB,IBB,SO,HBP,SF,SH,GDP,SB,CS,AVG,BB%,K%,BB/K,OBP,SLG,wOBA,OPS,ISO,Spd,BABIP,UBR,wSB,wRC,wRAA,wRC+,BsR,Fld,Off,Def,WAR,ADP,InterSD,InterSK,IntraSD,Vol,Skew,Dim,FPTS,FPTS/G,SPTS,SPTS/G,P10,P20,P30,P40,P50,P60,P70,P80,P90,TT10,TT20,TT30,TT40,TT50,TT60,TT70,TT80,TT90,NameASCII,PlayerId,MLBAMID
"Ketel Marte","ARI",147,637,559,150,91,31,2,25,85,84,67,3,108,7,4,0,,6,2,0.267782,0.105049,0.169961,0.618077,0.350479,0.466607,0.352137,0.817086,0.198825,3.89747,0.28927,-0.105035,-0.572785,95.479,20.2125,125.826,-0.67782,-1.09421,18.820287585258484,-1.2192132472991943,3.96913,40.189998626708984,,,,,,,845.1,5.748979591,845.1,5.748979591,,,,,,,,,,,,,,,,,,,"Ketel Marte","13613",606466
"Jazz Chisholm Jr.","NYY",143,616,547,135,82,22,2,29,78,81,60,2,159,5,4,0,,34,9,0.24637,0.0970526,0.257962,0.376228,0.324264,0.452311,0.334628,0.776575,0.205942,5.87959,0.291733,0.939898,2.05519,83.5744,10.7892,116.185,2.99509,-0.912064,14.745566844940186,0.6879357695579529,3.74824,21.809999465942383,,,,,,,791.2,5.532867132,791.2,5.532867132,,,,,,,,,,,,,,,,,,,"Jazz Chisholm Jr.","20454",665862
"Jordan Westburg","BAL",143,616,561,144,87,30,2,25,77,82,42,2,140,8,4,1,,6,2,0.256268,0.067959,0.228083,0.297957,0.315299,0.450831,0.329206,0.76613,0.194563,4.26165,0.297421,0.192062,-0.664417,80.8628,8.07766,112.766,-0.472355,-1.23362,8.796074509620667,0.36638426780700684,3.10664,128.10000610351562,,,,,,,734.6,5.137062937,734.6,5.137062937,,,,,,,,,,,,,,,,,,,"Jordan Westburg","27815",676059
"Nico Hoerner","CHC",154,665,601,163,123,31,2,7,75,58,46,1,67,10,5,3,,29,6,0.270951,0.069281,0.100586,0.688776,0.330727,0.363661,0.306945,0.694388,0.0927102,5.62133,0.293338,1.06049,1.99617,75.2759,-3.29901,97.6445,3.05666,4.32481,1.200153112411499,6.7998106479644775,3.08213,101.02999877929688,,,,,,,685.2,4.449350649,685.2,4.449350649,,,,,,,,,,,,,,,,,,,"Nico Hoerner","21479",663538
"Jackson Holliday","BAL",134,581,505,128,84,26,3,16,75,64,66,1,128,4,4,2,,15,5,0.254199,0.114171,0.220468,0.51786,0.342859,0.412367,0.33078,0.755226,0.158168,5.02919,0.307533,-0.0446071,-0.260339,77.0106,8.361,113.85,-0.304946,-1.56811,9.179170727729797,0.6568876504898071,3.0523,142.35000610351562,,,,,,,679.2,5.068656716,679.2,5.068656716,,,,,,,,,,,,,,,,,,,"Jackson Holliday","31781",702616
"Gleyber Torres","DET",154,665,582,153,105,28,1,19,78,73,73,2,113,4,5,1,,6,2,0.262927,0.110039,0.169206,0.650327,0.346708,0.410271,0.331872,0.756979,0.147344,3.10103,0.294745,-0.963378,-0.977827,88.7344,10.1596,112.907,-1.9412,-3.9103,8.175225615501404,-1.5352988243103027,3.0211,241.7100067138672,,,,,,,777.1,5.046103896,777.1,5.046103896,,,,,,,,,,,,,,,,,,,"Gleyber Torres","16997",650402
"Luke Keaschall","MIN",130,560,486,123,84,26,1,13,66,59,55,1,105,13,4,2,,25,6,0.254054,0.0983594,0.187122,0.525642,0.343121,0.390975,0.324495,0.734096,0.136921,5.02083,0.296784,0.038571,1.55605,71.3697,5.20134,107.318,1.59462,-0.0363021,6.424893498420715,1.3636978268623352,2.76887,150.97000122070312,,,,,,,640.8,4.929230769,640.8,4.929230769,,,,,,,,,,,,,,,,,,,"Luke Keaschall","33321",807712
"Brice Turang","MIL",152,658,586,150,107,26,2,15,77,65,62,1,133,2,5,3,,30,7,0.255868,0.0942967,0.201856,0.467149,0.327083,0.38368,0.312414,0.710762,0.127812,5.49376,0.305279,0.582189,2.10012,77.4051,-0.342658,100.353,2.68231,-0.242057,2.957743674516678,2.107942834496498,2.75809,66.55000305175781,,,,,,,711.2,4.678947368,711.2,4.678947368,,,,,,,,,,,,,,,,,,,"Brice Turang","22186",668930
"Bryson Stott","PHI",144,623,557,142,99,27,2,14,72,64,56,1,104,3,4,3,,26,6,0.255223,0.0899006,0.166534,0.539832,0.324651,0.387131,0.312466,0.711782,0.131908,5.45538,0.288569,0.460109,1.87505,73.3142,-0.2981,98.0237,2.33516,1.38951,0.8759204149246216,3.7145053148269653,2.59033,181.5500030517578,,,,,,,669.1,4.646527777,669.1,4.646527777,,,,,,,,,,,,,,,,,,,"Bryson Stott","26294",681082
"Brendan Donovan","STL",134,581,514,139,97,27,1,13,68,62,51,2,80,11,4,2,,5,3,0.270101,0.0870256,0.137412,0.633321,0.345539,0.403493,0.328928,0.749032,0.133391,3.05561,0.295478,-0.28758,-1.3123,76.137,7.48733,113.059,-1.59988,-1.33463,7.392699241638184,-1.8596333861351013,2.5438,281.94000244140625,,,,,,,657.7,4.908208955,657.7,4.908208955,,,,,,,,,,,,,,,,,,,"Brendan Donovan","24679",680977
"Andrés Giménez","TOR",138,595,534,134,93,27,2,12,68,59,38,1,104,16,4,3,,23,5,0.250597,0.0642238,0.174487,0.368072,0.317592,0.374882,0.305247,0.692474,0.124285,5.68178,0.288899,0.00549993,1.65717,66.5316,-3.77219,95.4204,1.66267,-1.43328,-1.5489109754562378,4.9417173862457275,2.44238,315.0299987792969,,,,,,,610.6,4.424637681,610.6,4.424637681,,,,,,,,,,,,,,,,,,,"Andres Gimenez","19950",665926
"Marcus Semien","NYM",149,644,575,135,91,25,2,18,71,67,59,1,108,4,5,1,,12,3,0.235428,0.0915039,0.168474,0.543132,0.308769,0.376813,0.301393,0.685582,0.141385,4.26931,0.259514,0.344686,0.180707,69.9959,-6.09761,95.3502,0.525393,3.18684,-3.023645758628845,5.086836218833923,2.40324,248.35000610351562,,,,,,,637.5,4.278523489,637.5,4.278523489,,,,,,,,,,,,,,,,,,,"Marcus Semien","12533",543760
"Xavier Edwards","MIA",139,602,540,148,115,25,4,5,72,49,51,1,87,2,4,4,,27,7,0.274472,0.0840913,0.144996,0.579955,0.336921,0.361583,0.309343,0.698504,0.0871111,5.79891,0.316913,0.901578,1.36787,69.3164,-1.81458,96.1537,2.26945,1.35499,-0.4748668670654297,3.504990577697754,2.3592,174.64999389648438,,,,,,,621.8,4.473381294,621.8,4.473381294,,,,,,,,,,,,,,,,,,,"Xavier Edwards","22266",669364
"Brandon Lowe","PIT",131,567,508,125,75,25,1,25,69,75,50,2,140,6,4,0,,6,1,0.247142,0.0880915,0.247262,0.356267,0.319058,0.44666,0.330067,0.765718,0.199518,3.64919,0.290662,-0.391773,-0.317696,74.827,7.83157,109.808,-0.70947,-3.19596,5.881856203079224,-1.9709649085998535,2.33018,195.5500030517578,,,,,,,681.8,5.204580152,681.8,5.204580152,,,,,,,,,,,,,,,,,,,"Brandon Lowe","18882",664040
"Otto Lopez","MIA",141,609,554,146,104,28,3,12,70,61,42,1,96,5,4,4,,18,6,0.263485,0.0693054,0.158372,0.437612,0.318728,0.386825,0.308626,0.705552,0.12334,5.06779,0.298191,0.585462,0.316658,69.7679,-2.1901,95.6627,0.90212,-2.10523,-2.228531539440155,4.419774770736694,2.2972,213.89999389648438,,,,,,,633.1,4.490070921,633.1,4.490070921,,,,,,,,,,,,,,,,,,,"Otto Lopez","19608",672640
"Chase Meidroth","CHW",130,560,479,119,90,21,1,8,63,46,65,1,88,9,4,3,,12,4,0.248673,0.11624,0.156797,0.741346,0.347282,0.342412,0.311185,0.689694,0.0937389,4.04782,0.287784,-0.364344,-0.168825,65.3179,-0.850447,98.65,-0.533169,1.72358,-1.4241798520088196,4.1735838651657104,2.2533,335.4200134277344,,,,,,,562.8,4.329230769,562.8,4.329230769,,,,,,,,,,,,,,,,,,,"Chase Meidroth","31580",805367
"Matt McLain","CIN",141,609,536,126,79,25,2,20,72,69,60,1,166,8,4,1,,18,4,0.23448,0.098344,0.272763,0.360548,0.317924,0.397502,0.313679,0.715426,0.163022,5.12502,0.299271,0.213593,0.970178,72.2666,0.308537,95.5853,1.18377,0.926021,-2.0027095079421997,3.35102117061615,2.21096,232.22999572753906,,,,,,,668.5,4.741134751,668.5,4.741134751,,,,,,,,,,,,,,,,,,,"Matt McLain","29695",680574
"Jose Altuve","HOU",147,637,571,147,102,27,0,18,71,70,54,1,111,6,4,1,,14,5,0.257729,0.0849804,0.173963,0.488497,0.325961,0.399316,0.317385,0.725277,0.141587,3.77336,0.289897,-0.439485,-0.0471144,77.5057,2.23921,103.754,-0.486599,-2.34497,2.3315169513225555,-3.5699652433395386,2.11644,124.97000122070312,,,,,,,692.3,4.709523809,692.3,4.709523809,,,,,,,,,,,,,,,,,,,"Jose Altuve","5417",514888
"Luis García Jr.","WSN",121,525,486,132,88,26,2,17,63,65,31,1,81,2,4,2,,14,6,0.2721,0.0598039,0.154877,0.386139,0.316226,0.437213,0.324377,0.75344,0.165114,4.75364,0.294603,-0.0406003,-0.310769,66.8587,4.82589,107.814,-0.35137,2.02571,4.510640472173691,-1.6492881774902344,2.07983,233.02999877929688,,,,,,,608.6,5.029752066,608.6,5.029752066,,,,,,,,,,,,,,,,,,,"Luis Garcia Jr.","20391",671277
"Ozzie Albies","ATL",146,630,571,145,96,30,2,18,74,71,48,1,97,5,4,1,,12,3,0.253735,0.0759167,0.153654,0.494077,0.315105,0.405163,0.31349,0.720268,0.151428,4.70977,0.276184,0.251078,0.265123,74.662,0.222684,99.8653,0.516201,-3.97578,0.41559528559446335,-1.7257766723632812,2.01045,182,,,,,,,682,4.671232876,682,4.671232876,,,,,,,,,,,,,,,,,,,"Ozzie Albies","16556",645277
"Jonathan India","KCR",128,553,478,121,81,26,1,13,67,59,56,1,99,13,4,2,,5,3,0.253378,0.100477,0.179102,0.561002,0.344943,0.395781,0.327164,0.740723,0.142403,3.55735,0.291739,0.424364,-1.13224,71.6757,6.33453,106.898,-0.707872,-1.16594,3.7880191802978516,-5.390942215919495,1.78335,382.6499938964844,,,,,,,611,4.7734375,611,4.7734375,,,,,,,,,,,,,,,,,,,"Jonathan India","21523",663697
"Jorge Polanco","NYM",126,546,485,119,76,23,0,21,63,67,53,2,111,4,4,0,,7,3,0.24608,0.0975625,0.204001,0.478244,0.323293,0.421932,0.323941,0.745225,0.175852,3.12411,0.276684,-0.317979,-0.535773,69.3397,4.82556,110.796,-0.853753,3.22866,6.132559716701508,-6.8713438510894775,1.78298,230.16000366210938,,,,,,,621.4,4.931746031,621.4,4.931746031,,,,,,,,,,,,,,,,,,,"Jorge Polanco","13152",593871
"Colt Keith","DET",109,469,421,111,73,21,3,14,61,54,41,1,96,2,3,1,,2,1,0.263443,0.0875522,0.204836,0.427426,0.329643,0.427966,0.328323,0.757609,0.164523,3.96696,0.307642,0.775416,-0.824508,61.2298,5.8138,110.463,-0.0490919,0.312608,5.734285742044449,-4.962392330169678,1.73053,309.54998779296875,,,,,,,540.2,4.955963302,540.2,4.955963302,,,,,,,,,,,,,,,,,,,"Colt Keith","27899",690993
"Jake Cronenworth","SDP",146,630,545,126,84,26,3,14,75,62,66,1,124,12,4,2,,5,2,0.231635,0.104817,0.196356,0.53381,0.325781,0.366127,0.307624,0.691908,0.134492,4.09783,0.272436,0.116777,-0.918151,71.6615,-2.77784,100.056,-0.801374,-1.14623,-0.7593018040060997,-3.646233558654785,1.69375,403.05999755859375,,,,,,,622.6,4.264383561,622.6,4.264383561,,,,,,,,,,,,,,,,,,,"Jake Cronenworth","18036",630105
"Gavin Lux","TBR",105,455,401,101,69,21,2,9,55,45,47,1,100,2,3,2,,3,1,0.251776,0.10231,0.219804,0.465459,0.330155,0.380453,0.313238,0.710608,0.128676,3.97528,0.312083,0.101157,-0.481137,53.8294,0.0676921,99.4397,-0.37998,-1.7674,-0.6804299354553223,-0.042401790618896484,1.5283,532.8699951171875,,,,,,,471.4,4.489523809,471.4,4.489523809,,,,,,,,,,,,,,,,,,,"Gavin Lux","19955",666158
"Jeff McNeil","ATH",134,581,517,132,91,29,2,10,67,57,47,1,78,11,4,2,,5,1,0.254489,0.0800933,0.134829,0.594036,0.326354,0.372954,0.309041,0.699308,0.118466,4.19138,0.281628,-1.33325,-0.224852,66.756,-1.89368,94.6109,-1.5581,-1.43483,-5.248416543006897,-0.25982773303985596,1.48239,357.8399963378906,,,,,,,592.4,4.420895522,592.4,4.420895522,,,,,,,,,,,,,,,,,,,"Jeff McNeil","15362",643446
"Romy Gonzalez","BOS",92,399,366,96,62,19,3,14,51,49,26,1,99,3,3,1,,11,4,0.263092,0.0643577,0.24844,0.259047,0.314492,0.43898,0.324301,0.753472,0.175888,5.57699,0.323047,-0.326306,-0.0700118,50.788,3.64305,103.746,-0.396318,-1.69226,1.3654997944831848,-0.8672648668289185,1.45603,413.9700012207031,,,,,,,472.1,5.131521739,472.1,5.131521739,,,,,,,,,,,,,,,,,,,"Romy Gonzalez","21562",663853
"Cole Young","SEA",91,392,343,81,55,16,2,8,47,37,39,1,74,6,3,2,,6,3,0.235421,0.0983931,0.188064,0.52319,0.320337,0.362585,0.302879,0.682922,0.127164,4.53839,0.275998,0.0381352,-0.667913,43.079,-3.23885,99.717,-0.629778,-0.676265,-0.7605421990156174,0.8237351179122925,1.38687,520.47998046875,,,,,,,381.6,4.193406593,381.6,4.193406593,,,,,,,,,,,,,,,,,,,"Cole Young","31680",702284
"Christian Moore","LAA",113,490,436,100,65,18,3,15,59,52,46,0,150,3,3,1,,8,3,0.229275,0.0934917,0.306574,0.304957,0.304805,0.384715,0.302186,0.68952,0.155439,5.18558,0.310548,-0.037875,-0.434143,53.5731,-4.32421,91.5301,-0.472018,-0.0595178,-5.363589406013489,1.6904821507632732,1.3497,417.2900085449219,,,,,,,488.1,4.319469026,488.1,4.319469026,,,,,,,,,,,,,,,,,,,"Christian Moore","34979",695681
"Nick Gonzales","PIT",102,441,400,102,68,23,3,8,55,46,29,1,94,6,3,2,,3,2,0.255293,0.0662194,0.212767,0.31123,0.313297,0.392068,0.307734,0.705365,0.136774,4.40691,0.311347,0.197591,-1.1218,50.2023,-1.90526,94.5092,-0.924212,-2.14001,-3.7941033840179443,1.0849862098693848,1.22397,524.9400024414062,,,,,,,435.3,4.267647058,435.3,4.267647058,,,,,,,,,,,,,,,,,,,"Nick Gonzales","27490",693304
"Vaughn Grissom","LAA",68,294,263,66,46,13,1,7,33,30,23,0,58,5,2,2,,5,1,0.252779,0.0767759,0.197966,0.387823,0.321131,0.383246,0.309709,0.704377,0.130467,4.39949,0.298689,0.168309,0.089217,33.9397,-0.798666,96.7127,0.257526,0.651441,-0.8815564513206482,1.8014414310455322,1.12942,535.52001953125,,,,,,,306.5,4.507352941,306.5,4.507352941,,,,,,,,,,,,,,,,,,,"Vaughn Grissom","26031",687093
"Tommy Edman","LAD",131,567,516,122,83,25,2,13,61,58,39,0,101,6,4,3,,12,2,0.236264,0.0686852,0.177955,0.385969,0.295107,0.366471,0.290408,0.661578,0.130207,4.96081,0.268242,0.335935,0.646521,56.5696,-10.4258,85.0328,0.982456,-1.0986,-9.075677990913391,1.0764024257659912,1.11162,294.45001220703125,,,,,,,525.5,4.011450381,525.5,4.011450381,,,,,,,,,,,,,,,,,,,"Tommy Edman","19470",669242
"Thairo Estrada",,78,336,310,81,56,16,1,8,38,36,17,0,63,5,2,2,,6,3,0.262714,0.0504978,0.186748,0.270406,0.31002,0.397816,0.308513,0.707836,0.135102,4.48534,0.304422,0.0233621,-0.468814,38.462,-1.23901,96.6407,-0.445452,-0.126823,-1.7795028388500214,1.073177233338356,1.0912,722.5499877929688,,,,,,,339.9,4.357692307,339.9,4.357692307,,,,,,,,,,,,,,,,,,,"Thairo Estrada","16426",642731
"Luis Rengifo",,97,420,382,97,69,16,2,10,49,41,29,0,75,4,3,2,,12,5,0.25275,0.069452,0.178309,0.389504,0.310032,0.382511,0.303028,0.692543,0.129761,5.15907,0.289215,0.542847,-0.394064,46.2068,-3.41939,92.8723,0.148783,-1.80286,-3.3894060850143433,-0.30285918712615967,1.07657,445.32000732421875,,,,,,,420.8,4.338144329,420.8,4.338144329,,,,,,,,,,,,,,,,,,,"Luis Rengifo","19858",650859
"Max Muncy","ATH",96,413,374,88,55,21,1,11,45,47,27,0,117,7,3,2,,5,2,0.236044,0.0656068,0.283024,0.231806,0.296857,0.388089,0.299161,0.684946,0.152046,3.76994,0.308873,0.0562393,-0.590127,44.1403,-4.65886,87.8053,-0.533888,0.30396,-6.469881594181061,1.9289599657058716,0.989758,496.0299987792969,,,,,,,394.7,4.111458333,394.7,4.111458333,,,,,,,,,,,,,,,,,,,"Max Muncy","29779",691777
"Thomas Saggese","STL",81,350,321,78,53,16,1,9,38,37,21,0,87,4,2,2,,4,2,0.244656,0.0600069,0.247987,0.241976,0.297383,0.380416,0.296077,0.677799,0.13576,4.2017,0.307053,0.057475,-0.290797,36.5305,-4.82471,90.5551,-0.233322,1.18517,-4.151258617639542,2.035174310207367,0.974885,527.030029296875,,,,,,,329.5,4.067901234,329.5,4.067901234,,,,,,,,,,,,,,,,,,,"Thomas Saggese","27883",695336
"José Caballero","NYY",73,315,272,60,41,13,1,6,34,29,33,0,79,6,2,2,,33,8,0.2216,0.105061,0.252293,0.416425,0.316709,0.339867,0.294921,0.656576,0.118268,6.23365,0.286937,-0.0121514,2.78081,32.5818,-4.63784,88.8319,2.76865,-1.32551,-1.3776440620422363,0.04948842525482178,0.973364,224.4199981689453,,,,,,,321.1,4.398630136,321.1,4.398630136,,,,,,,,,,,,,,,,,,,"Jose Caballero","23401",676609
"Davis Schneider","TOR",68,294,253,56,33,11,1,11,35,34,36,1,80,3,2,0,,4,1,0.221587,0.122795,0.271001,0.453116,0.323758,0.397643,0.317389,0.721402,0.176057,3.84117,0.275868,-0.162681,-0.182044,35.7728,1.03442,103.785,-0.344725,-0.725364,0.9667040407657623,-1.7753639817237854,0.952565,594.4500122070312,,,,,,,323.4,4.755882352,323.4,4.755882352,,,,,,,,,,,,,,,,,,,"Davis Schneider","23565",676914
"Dylan Moore",,73,315,274,59,36,12,1,10,38,34,32,0,89,6,2,1,,19,6,0.217177,0.101884,0.282852,0.360202,0.311082,0.377248,0.304148,0.68833,0.160071,6.58576,0.281295,0.0302451,1.12,34.9417,-2.27797,93.6421,1.15025,-0.580258,-1.216826319694519,-0.4552575349807739,0.919674,673.1300048828125,,,,,,,324.2,4.44109589,324.2,4.44109589,,,,,,,,,,,,,,,,,,,"Dylan Moore","18042",664238
"Nolan Gorman","STL",122,525,469,103,62,19,0,21,57,63,50,1,163,2,4,0,,4,1,0.219509,0.0957816,0.311163,0.307818,0.296156,0.398186,0.302555,0.694343,0.178678,3.09227,0.283951,-1.28036,-0.402566,57.5571,-4.47572,94.993,-1.68292,0.66631,-4.798476457595825,-4.45868992805481,0.839956,444.1300048828125,,,,,,,521.1,4.271311475,521.1,4.271311475,,,,,,,,,,,,,,,,,,,"Nolan Gorman","22263",669357
"Casey Schmitt","SFG",96,413,377,89,59,18,0,11,43,45,27,0,95,5,3,2,,3,1,0.236946,0.0664456,0.230778,0.28792,0.294572,0.378177,0.294192,0.672749,0.141231,3.02955,0.285107,-0.164424,-0.531505,42.4741,-6.32505,89.5096,-0.695929,-1.02922,-5.830871820449829,0.19578313827514648,0.829296,479.739990234375,,,,,,,375.9,3.915625,375.9,3.915625,,,,,,,,,,,,,,,,,,,"Casey Schmitt","27577",669477
"Luis Arraez",,146,630,583,168,130,30,2,6,71,56,38,1,34,5,4,0,,8,4,0.288065,0.0601355,0.0532736,1.12881,0.334062,0.376152,0.311738,0.710214,0.088087,3.79009,0.295749,0.440998,-1.13174,73.7656,-0.673795,98.8558,-0.690743,-0.0425585,-1.5427383184432983,-12.242558289319277,0.77109,294.0299987792969,,,,,,,645.6,4.421917808,645.6,4.421917808,,,,,,,,,,,,,,,,,,,"Luis Arraez","18568",650333
"Luisangel Acuña","CHW",102,441,406,99,73,18,2,7,47,39,27,0,89,1,3,4,,26,6,0.243928,0.0609743,0.201255,0.302971,0.291198,0.346398,0.280348,0.637596,0.10247,6.24749,0.294688,0.419782,1.80508,40.3968,-11.7107,77.4079,2.22486,-0.081284,-9.517812490463257,1.6437159776687622,0.747332,626.3200073242188,,,,,,,394.4,3.866666666,394.4,3.866666666,,,,,,,,,,,,,,,,,,,"Luisangel Acuna","26548",682668
"Michael Massey","KCR",78,336,311,78,52,16,1,9,36,38,18,0,60,3,2,1,,3,1,0.249436,0.0521671,0.177686,0.293591,0.294783,0.39392,0.299181,0.688703,0.144484,3.42417,0.279427,0.0364846,-0.175074,35.9162,-3.78481,87.6218,-0.13859,-0.820903,-5.0405453741550446,-0.22090309858322144,0.644889,638,,,,,,,328.4,4.21025641,328.4,4.21025641,,,,,,,,,,,,,,,,,,,"Michael Massey","27684",686681
"Ryan Ritter","COL",57,245,218,53,34,11,2,7,31,27,19,0,65,5,2,1,,4,1,0.242323,0.078093,0.263658,0.29619,0.31587,0.398916,0.312956,0.714786,0.156593,5.54051,0.310649,0.0334329,-0.0483125,28.929,-0.0196481,86.3174,-0.0148796,1.01797,-3.9879824109375477,2.092974066734314,0.640088,616.969970703125,,,,,,,264.7,4.643859649,264.7,4.643859649,,,,,,,,,,,,,,,,,,,"Ryan Ritter","31500",690022
"Kristian Campbell","BOS",37,161,140,36,23,7,1,4,21,17,16,0,41,3,1,1,,2,1,0.253776,0.0999802,0.252487,0.395981,0.341508,0.403501,0.327508,0.745009,0.149725,4.70499,0.326629,0.0325743,-0.191703,20.9126,1.88922,105.956,-0.159129,0.449431,0.970995306968689,-0.5755690932273865,0.607407,438.9700012207031,,,,,,,183.2,4.951351351,183.2,4.951351351,,,,,,,,,,,,,,,,,,,"Kristian Campbell","33644",692225
"Leo Rivas","SEA",41,175,147,31,23,5,0,3,19,13,24,0,44,2,1,1,,9,2,0.212901,0.139178,0.249677,0.557431,0.328717,0.304369,0.290719,0.633086,0.0914685,5.21429,0.281416,-0.0308644,0.588495,17.504,-3.17361,91.3406,0.55763,-0.0540127,-1.2284440398216248,0.7709872499108315,0.569447,999,,,,,,,158.8,3.873170731,158.8,3.873170731,,,,,,,,,,,,,,,,,,,"Leo Rivas","21009",660844
"Adael Amador","COL",71,308,271,67,46,13,1,7,35,31,30,0,55,3,2,1,,12,5,0.245697,0.0989642,0.178769,0.553585,0.325327,0.379273,0.311272,0.7046,0.133576,4.70489,0.28085,-0.320076,-0.267706,35.9466,-0.44601,85.1632,-0.587783,-0.0371873,-6.003850221633911,1.0628127306699753,0.54289,508.32000732421875,,,,,,,321.2,4.523943661,321.2,4.523943661,,,,,,,,,,,,,,,,,,,"Adael Amador","27962",691182
"Luis Urías",,39,168,146,35,24,7,0,4,19,17,16,0,30,4,1,1,,1,1,0.239804,0.0979609,0.180925,0.541445,0.329105,0.374427,0.31235,0.703532,0.134623,2.95378,0.273709,-0.0357457,-0.219682,19.7543,-0.0961725,99.2763,-0.255427,-0.643423,-0.3991200625896454,-0.04342329502105713,0.536455,999,,,,,,,167,4.282051282,167,4.282051282,,,,,,,,,,,,,,,,,,,"Luis Urias","16622",649966
"Edouard Julien","MIN",37,161,137,31,20,6,0,4,19,16,22,0,48,1,1,0,,2,1,0.22592,0.134633,0.297528,0.452506,0.33547,0.369977,0.314693,0.705447,0.144056,3.36984,0.309543,-0.15672,-0.153429,19.2375,0.214073,100.566,-0.31015,-0.329937,-0.20275821536779404,-0.20493730902671814,0.525238,728.22998046875,,,,,,,161.6,4.367567567,161.6,4.367567567,,,,,,,,,,,,,,,,,,,"Edouard Julien","27534",666397
"Lenyn Sosa","CHW",89,385,361,91,62,16,0,13,40,45,17,0,84,2,3,2,,2,2,0.252209,0.0453298,0.217309,0.208596,0.289131,0.405419,0.299873,0.69455,0.15321,2.49258,0.293088,-0.0334261,-0.82789,41.3701,-4.12063,90.8576,-0.861316,0.394529,-5.009829103946686,-3.88047131896019,0.446162,301.260009765625,,,,,,,372.4,4.184269662,372.4,4.184269662,,,,,,,,,,,,,,,,,,,"Lenyn Sosa","22896",672820
"Mauricio Dubón","ATL",83,357,329,84,61,17,1,5,36,33,22,0,48,2,2,2,,4,1,0.254646,0.0602276,0.134125,0.449042,0.302621,0.354704,0.289293,0.657325,0.100058,3.4633,0.283264,-0.0106184,-0.309251,35.2948,-6.88755,83.289,-0.31987,-3.50408,-7.390612810850143,-0.8290815353393555,0.374237,504.3900146484375,,,,,,,320.2,3.857831325,320.2,3.857831325,,,,,,,,,,,,,,,,,,,"Mauricio Dubon","16530",643289
"Cody Freeman","TEX",57,245,227,54,36,11,0,7,24,27,13,0,43,2,2,1,,3,1,0.236348,0.0539921,0.177497,0.304185,0.281313,0.372796,0.285053,0.654109,0.136448,3.3317,0.262744,-0.0473801,-0.11399,23.3785,-5.57018,82.3112,-0.161371,-0.143355,-5.26920485496521,0.431644931435585,0.367808,740.9000244140625,,,,,,,221,3.877192982,221,3.877192982,,,,,,,,,,,,,,,,,,,"Cody Freeman","25629",683227
"Tyler Fitzgerald","SFG",42,182,166,38,24,8,1,5,20,20,11,0,53,3,1,1,,5,1,0.22716,0.061497,0.293548,0.209496,0.285287,0.373365,0.288029,0.658652,0.146205,5.21672,0.299452,0.205566,0.240051,17.8067,-3.69797,85.2879,0.445617,0.202404,-2.727903872728348,0.1524038314819336,0.356015,734.3200073242188,,,,,,,171.4,4.08095238,171.4,4.08095238,,,,,,,,,,,,,,,,,,,"Tyler Fitzgerald","26208",666149
"David Hamilton","BOS",26,112,101,23,15,5,1,3,14,11,10,0,26,1,1,1,,11,2,0.233577,0.0859245,0.229849,0.37383,0.301597,0.373594,0.296377,0.675191,0.140017,7.58683,0.286461,0.0871036,1.09254,11.7171,-1.51657,84.5109,1.17964,-0.0108879,-0.8649959564208984,0.43911204021424055,0.350827,720.9400024414062,,,,,,,124.5,4.788461538,124.5,4.788461538,,,,,,,,,,,,,,,,,,,"David Hamilton","27531",666152
"Kyle Farmer",,44,189,171,42,29,8,0,4,20,19,12,0,39,4,1,1,,2,1,0.242728,0.0630793,0.208036,0.303213,0.303968,0.367957,0.295975,0.671925,0.12523,3.37882,0.290496,-0.135259,-0.482289,19.7109,-2.62094,88.0276,-0.617548,0.226841,-3.291947662830353,0.15184126794338226,0.333177,999,,,,,,,174,3.954545454,174,3.954545454,,,,,,,,,,,,,,,,,,,"Kyle Farmer","14813",571657
"Jahmai Jones","DET",36,154,134,33,20,7,1,4,21,17,15,0,37,3,1,0,,4,1,0.242662,0.0987944,0.240585,0.410643,0.330464,0.410262,0.323934,0.740726,0.167599,6.183,0.299843,-0.00307065,0.036134,19.5565,1.3602,107.439,0.0330633,-0.0098633,1.3832727782428265,-3.4598633497953415,0.329839,739.47998046875,,,,,,,173.2,4.811111111,173.2,4.811111111,,,,,,,,,,,,,,,,,,,"Jahmai Jones","18872",663330
"Zack Gelof","ATH",24,105,94,21,13,5,0,4,12,12,10,0,32,1,1,0,,4,1,0.227802,0.0908423,0.307426,0.295493,0.300268,0.396653,0.304087,0.696921,0.168851,5.0444,0.301734,0.0778535,0.284396,11.6421,-0.764501,91.1988,0.362249,-0.0523874,-0.7269460558891296,0.32261258363723755,0.328382,535.0999755859375,,,,,,,113.5,4.729166666,113.5,4.729166666,,,,,,,,,,,,,,,,,,,"Zack Gelof","29766",680869
"Brendan Rodgers",,40,175,159,37,25,7,0,5,18,19,13,0,44,2,1,1,,1,0,0.234868,0.0725943,0.252415,0.287599,0.296253,0.374217,0.293894,0.670469,0.139349,2.65873,0.293328,0.180178,-0.340182,17.9551,-2.72249,86.598,-0.160004,-0.754725,-2.931991696357727,-0.12972503900527954,0.29272,999,,,,,,,162.4,4.06,162.4,4.06,,,,,,,,,,,,,,,,,,,"Brendan Rodgers","17907",663898
"José Fermín","STL",21,91,79,19,13,4,0,2,10,9,9,0,12,2,1,0,,4,1,0.241351,0.101195,0.13299,0.760917,0.331863,0.357336,0.30791,0.689199,0.115984,4.38858,0.264494,-0.0158837,0.0260641,10.3722,-0.380131,98.6614,0.0101804,-0.441567,-0.13418876472860575,-0.06656697392463684,0.289221,742.969970703125,,,,,,,95.6,4.552380952,95.6,4.552380952,,,,,,,,,,,,,,,,,,,"Jose Fermin","21746",665877
"Andruw Monasterio","MIL",37,161,143,33,23,7,0,3,17,15,15,0,39,2,1,1,,5,2,0.22914,0.092199,0.244747,0.376712,0.306629,0.344605,0.290037,0.651234,0.115465,4.47319,0.29175,-0.0137741,0.0906489,16.0145,-3.00884,85.0245,0.0768749,-0.562442,-2.7807339429855347,0.012558460235595703,0.264819,604.47998046875,,,,,,,145.2,3.924324324,145.2,3.924324324,,,,,,,,,,,,,,,,,,,"Andruw Monasterio","19455",655316
"Leo Jiménez","TOR",18,77,66,15,11,3,0,2,8,7,7,0,16,3,1,0,,0,0,0.230879,0.0847049,0.211054,0.401343,0.326057,0.349189,0.303371,0.675246,0.11831,2.99735,0.280804,-0.0503395,-0.160587,8.49271,-0.60543,94.1283,-0.210927,0.0503395,-0.7438073605298996,0.5753395222127438,0.253914,999,,,,,,,75.5,4.194444444,75.5,4.194444444,,,,,,,,,,,,,,,,,,,"Leo Jimenez","23782",677870
"Ryan Bliss","SEA",26,112,100,22,14,5,0,3,12,11,9,0,30,1,1,1,,8,3,0.21575,0.0830788,0.264484,0.314116,0.288168,0.346839,0.281021,0.635007,0.131089,6.40779,0.276517,-0.00738701,0.366384,10.3207,-2.91298,84.66,0.358997,-0.180571,-1.665961742401123,0.2194286435842514,0.246402,700.739990234375,,,,,,,102.7,3.95,102.7,3.95,,,,,,,,,,,,,,,,,,,"Ryan Bliss","29547",669208
"Ronny Mauricio","NYM",31,133,123,30,19,6,0,5,15,16,8,0,33,1,1,0,,4,1,0.244493,0.0604441,0.247777,0.243945,0.2934,0.407252,0.302916,0.700652,0.162759,4.9917,0.295838,-0.00369734,0.0722625,14.6201,-1.09487,96.3933,0.0685652,-0.0577953,-0.49996576458215714,-1.5327952913939953,0.24475,510.8999938964844,,,,,,,141.2,4.554838709,141.2,4.554838709,,,,,,,,,,,,,,,,,,,"Ronny Mauricio","23698",677595
"Nick Yorke","PIT",34,147,134,33,23,7,1,3,16,15,10,0,34,1,1,1,,3,1,0.250108,0.0713369,0.229887,0.310312,0.307148,0.372962,0.298297,0.680109,0.122854,4.66302,0.312014,0.0117907,-0.150554,15.6078,-1.76133,88.0449,-0.138763,0.0324243,-2.221640557050705,-0.442575640976429,0.2278,693.030029296875,,,,,,,140.9,4.144117647,140.9,4.144117647,,,,,,,,,,,,,,,,,,,"Nick Yorke","27504",694377
"Daniel Schneemann","CLE",44,189,168,36,24,8,0,4,20,19,18,0,49,1,1,1,,4,1,0.215494,0.0959428,0.261119,0.36743,0.292896,0.344955,0.283093,0.637851,0.12946,4.35777,0.274807,-0.144624,-0.00936243,17.7341,-4.5977,80.7405,-0.153986,-0.413959,-4.44421124458313,0.061040639877319336,0.217097,608.969970703125,,,,,,,156.2,3.55,156.2,3.55,,,,,,,,,,,,,,,,,,,"Daniel Schneemann","25180",682177
"Nick Sogard","BOS",58,252,221,52,38,11,0,3,26,21,26,0,55,2,2,2,,6,2,0.235203,0.101369,0.21668,0.467827,0.316912,0.32815,0.289907,0.645062,0.0929464,4.04117,0.296594,-0.323039,-0.151965,25.0397,-4.73602,80.0541,-0.475004,-1.09474,-6.399170696735382,-0.24474453926086426,0.207645,999,,,,,,,220.1,3.794827586,220.1,3.794827586,,,,,,,,,,,,,,,,,,,"Nick Sogard","25483",686765
"Andy Ibáñez","LAD",41,175,158,38,26,8,0,4,18,17,13,0,34,2,1,1,,3,1,0.237272,0.0718083,0.193847,0.370439,0.298579,0.360179,0.290214,0.658758,0.122907,4.07594,0.278031,-0.300826,-0.128663,17.4322,-3.24539,84.9,-0.429489,-0.764496,-3.561401456594467,-0.2894957661628723,0.201698,749.4199829101562,,,,,,,163.5,3.987804878,163.5,3.987804878,,,,,,,,,,,,,,,,,,,"Andy Ibanez","18819",628451
"Will Wagner","SDP",37,161,142,34,25,7,0,3,17,15,15,0,30,1,1,1,,1,0,0.240351,0.0949541,0.183975,0.516125,0.317461,0.346278,0.29572,0.663739,0.105927,3.22343,0.28435,-0.0874254,-0.265787,16.7575,-2.26592,91.9018,-0.353212,-0.284501,-1.8984884023666382,-1.6095007956027985,0.189127,999,,,,,,,146.8,3.967567567,146.8,3.967567567,,,,,,,,,,,,,,,,,,,"Will Wagner","29634",695238
"Nick Loftin","KCR",26,112,99,24,17,5,0,2,12,11,11,0,17,1,1,1,,2,1,0.242604,0.0960231,0.152961,0.627763,0.322628,0.363141,0.304477,0.685769,0.120537,3.98899,0.270828,-0.0263068,-0.0290917,12.4536,-0.780062,91.2697,-0.0553985,-0.198178,-1.207843579351902,-0.8481780141592026,0.184043,999,,,,,,,105.7,4.065384615,105.7,4.065384615,,,,,,,,,,,,,,,,,,,"Nick Loftin","27630",679845
"Christian Koss","SFG",50,217,201,47,32,10,1,4,23,21,11,0,52,3,2,2,,5,1,0.233223,0.0488164,0.237884,0.205211,0.279269,0.351753,0.276448,0.631022,0.118529,5.25391,0.291488,0.061656,0.0859709,19.1907,-6.44949,77.3545,0.147627,-0.479684,-5.676554590463638,0.1953161656856537,0.177861,999,,,,,,,183.2,3.664,183.2,3.664,,,,,,,,,,,,,,,,,,,"Christian Koss","27653",683766
"Curtis Mead","CHW",13,56,51,13,8,3,0,1,7,6,4,0,12,1,0,0,,1,0,0.252773,0.0661858,0.207237,0.319372,0.315109,0.392339,0.309318,0.707447,0.139565,4.74985,0.302533,0.0168884,-0.0508709,6.44693,-0.169899,97.3644,-0.0339825,-0.0161541,-0.2079382874071598,-0.11615410447120667,0.164041,643.9000244140625,,,,,,,56.8,4.369230769,56.8,4.369230769,,,,,,,,,,,,,,,,,,,"Curtis Mead","23986",678554
"Orelvis Martinez","WSN",23,98,88,19,11,4,0,4,11,12,8,0,27,1,1,0,,0,0,0.212901,0.0797787,0.272323,0.292956,0.285097,0.396589,0.296802,0.681686,0.183688,2.36904,0.254416,-0.00975573,-0.116206,10.2863,-1.29317,88.9245,-0.125962,0,-1.4123899191617966,-0.2499999701976776,0.163505,748.9000244140625,,,,,,,94.6,4.113043478,94.6,4.113043478,,,,,,,,,,,,,,,,,,,"Orelvis Martinez","25967",682619
"Hyeseong Kim","LAD",26,112,103,23,15,4,0,3,12,11,7,0,32,1,1,1,,6,1,0.224832,0.0597728,0.28168,0.212201,0.278325,0.355151,0.277699,0.633476,0.130319,6.32017,0.295108,-0.0481469,0.490764,10.0186,-3.21502,76.3272,0.442617,-0.0604636,-2.6997819244861603,0.3395364210009575,0.139761,482.94000244140625,,,,,,,98.2,3.776923076,98.2,3.776923076,,,,,,,,,,,,,,,,,,,"Hyeseong Kim","35322",808975
"Alex Freeland","LAD",10,42,36,8,5,2,0,1,5,4,5,0,11,0,0,0,,1,0,0.217697,0.113122,0.273414,0.413739,0.313411,0.363522,0.300929,0.676933,0.145825,4.42516,0.280745,-0.00141166,0.0561183,4.54913,-0.413492,92.2405,0.0547066,-0.109404,-0.3315502293407917,0.09059612452983856,0.118314,669.9400024414062,,,,,,,40.9,4.09,40.9,4.09,,,,,,,,,,,,,,,,,,,"Alex Freeland","31665",690976
"Tyler Callihan","CIN",26,112,101,23,15,5,1,3,13,11,9,0,31,1,1,1,,4,1,0.227989,0.0784937,0.276032,0.284365,0.291739,0.366859,0.28902,0.658598,0.138869,5.97147,0.297525,-0.0276264,0.246496,11.0481,-2.18557,78.6932,0.218869,-0.0508326,-2.609458178281784,-0.10083262622356415,0.103947,999,,,,,,,111,4.269230769,111,4.269230769,,,,,,,,,,,,,,,,,,,"Tyler Callihan","27497",682997
"Santiago Espinal","CIN",45,196,178,43,33,9,0,2,19,16,14,0,28,1,1,1,,3,1,0.244293,0.0735781,0.141964,0.518288,0.303603,0.325065,0.280365,0.628668,0.0807719,3.32552,0.277942,0.103288,-0.160777,17.9568,-5.20212,77.3043,-0.0574898,-1.42557,-5.315046269446611,-0.3255733251571655,0.101583,999,,,,,,,155.6,3.457777777,155.6,3.457777777,,,,,,,,,,,,,,,,,,,"Santiago Espinal","19997",669289
"Brice Matthews","HOU",6,28,25,5,3,1,0,1,3,3,3,0,9,0,0,0,,2,0,0.218422,0.0981069,0.324307,0.302512,0.30537,0.383662,0.303015,0.689032,0.16524,6.45876,0.299782,0.00191255,0.0947345,3.08016,-0.228254,93.8545,0.096647,-0.00191255,-0.10616078227758408,0.09808745188638568,0.0977741,526.3499755859375,,,,,,,28.1,4.683333333,28.1,4.683333333,,,,,,,,,,,,,,,,,,,"Brice Matthews","33280",694728
"Nick Madrigal","LAA",11,49,45,12,9,2,0,1,4,4,3,0,6,1,0,0,,1,0,0.258065,0.0597015,0.119403,0.5,0.313433,0.354839,0.296571,0.668272,0.0967742,3.65909,0.283019,-0.0403988,0.0641911,5.13394,-0.65579,87.6624,0.0237923,-0.250189,-0.6887336745858192,-0.07518872618675232,0.0943913,750.6500244140625,,,,,,,51.3,4.663636363,51.3,4.663636363,,,,,,,,,,,,,,,,,,,"Nick Madrigal","20521",663611
"Brett Wisely","TBR",15,63,57,13,9,3,0,1,7,6,5,0,15,0,0,0,,1,0,0.231263,0.080161,0.240435,0.3334,0.296488,0.356443,0.288096,0.652931,0.12518,4.2814,0.288492,-0.0523794,-0.0332944,6.16726,-1.27668,82.1199,-0.0856738,-0.264079,-1.4133235067129135,0.11092054843902588,0.088598,999,,,,,,,50.8,3.386666666,50.8,3.386666666,,,,,,,,,,,,,,,,,,,"Brett Wisely","27735",689172
"Enmanuel Valdez","PIT",8,35,31,7,5,2,0,1,4,4,3,0,8,0,0,0,,0,0,0.234675,0.0911473,0.222362,0.409905,0.306777,0.400973,0.308533,0.707749,0.166298,3.58533,0.27351,-0.00955125,-0.032802,4.00701,-0.128507,95.0565,-0.0423532,-0.0940799,-0.24741854891180992,-0.11907985806465149,0.0816413,999,,,,,,,32.4,4.05,32.4,4.05,,,,,,,,,,,,,,,,,,,"Enmanuel Valdez","21716",665839
"Kyren Paris","LAA",6,28,24,5,3,1,0,1,3,3,3,0,9,0,0,0,,1,0,0.210953,0.101776,0.329024,0.309328,0.300841,0.362604,0.293878,0.663445,0.151651,7.22152,0.298487,0,0.149465,2.87245,-0.435964,85.8071,0.149465,0.0326817,-0.31891967356204987,0.1326817274093628,0.0795456,741.6500244140625,,,,,,,27.2,4.533333333,27.2,4.533333333,,,,,,,,,,,,,,,,,,,"Kyren Paris","26420",677347
"Shay Whitcomb","HOU",6,28,26,6,4,1,0,1,3,4,2,0,8,0,0,0,,1,0,0.22714,0.0664535,0.291521,0.227955,0.285488,0.410458,0.301158,0.695945,0.183317,4.02562,0.279911,-0.00851214,0.03639,3.03797,-0.27045,92.5759,0.0278778,-0.155221,-0.2171256560832262,-0.05522129684686661,0.0707356,999,,,,,,,27.8,4.633333333,27.8,4.633333333,,,,,,,,,,,,,,,,,,,"Shay Whitcomb","27789",694376
"Maximo Acosta","MIA",16,70,64,15,10,3,0,1,7,7,5,0,17,1,0,0,,3,1,0.229062,0.0661245,0.241329,0.274002,0.28572,0.34724,0.278866,0.63296,0.118177,5.54121,0.287003,0.011395,0.0912893,6.32795,-1.94309,75.2762,0.102684,-0.2279,-1.9485131725668907,0.22209958732128143,0.0616437,705.8699951171875,,,,,,,59,3.6875,59,3.6875,,,,,,,,,,,,,,,,,,,"Maximo Acosta","27963",691185
"Tim Tawa","ARI",23,98,89,20,13,4,0,3,11,11,8,0,24,1,1,0,,2,1,0.226028,0.0788853,0.248767,0.317106,0.29066,0.377553,0.292372,0.668214,0.151525,4.41696,0.276774,-0.00271555,-0.132215,9.93378,-1.64568,84.8852,-0.13493,0.355737,-1.8905189782381058,-0.7942624986171722,0.0589016,543.5800170898438,,,,,,,90.8,3.947826086,90.8,3.947826086,,,,,,,,,,,,,,,,,,,"Tim Tawa","29571",694374
"Tristan Gray","MIN",5,21,19,4,3,1,0,1,3,3,1,0,6,0,0,0,,0,0,0.231758,0.0586999,0.286115,0.205162,0.282312,0.404462,0.29669,0.686774,0.172704,4.01144,0.296231,-0.0101612,-0.0383951,2.20228,-0.279027,88.1644,-0.0485563,-0.153302,-0.3414982259273529,0.021697938442230225,0.0412305,999,,,,,,,18.7,3.74,18.7,3.74,,,,,,,,,,,,,,,,,,,"Tristan Gray","19877",656484
"César Prieto","STL",5,21,20,5,4,1,0,0,2,2,1,0,3,0,0,0,,0,0,0.256252,0.0379591,0.157365,0.241216,0.291483,0.363235,0.28586,0.654718,0.106983,3.92014,0.292714,-0.00659403,-0.0884774,2.01763,-0.463684,83.5561,-0.0950715,-0.0329701,-0.5043485388159752,0.04202985391020775,0.0241822,999,,,,,,,13.9,2.78,13.9,2.78,,,,,,,,,,,,,,,,,,,"Cesar Prieto","30163",693409
"Jorbit Vivas","NYY",3,14,12,3,2,1,0,0,1,1,1,0,2,0,0,0,,0,0,0.222804,0.0972928,0.157781,0.616633,0.317571,0.320636,0.289291,0.638207,0.0978323,3.84729,0.254886,-0.00304839,-0.0478725,1.38409,-0.270117,84.9539,-0.0509209,-0.0348387,-0.29919109866023064,0.015161283314228058,0.0202402,999,,,,,,,10.7,3.566666666,10.7,3.566666666,,,,,,,,,,,,,,,,,,,"Jorbit Vivas","23917",678391
"Vidal Bruján","NYM",3,14,13,3,2,1,0,0,2,1,1,0,3,0,0,0,,1,0,0.232556,0.0804759,0.210354,0.382573,0.301071,0.345513,0.286818,0.646584,0.112957,5.15061,0.28331,0.0121811,-0.0141576,1.35598,-0.298228,85.3658,-0.00197649,-0.090198,-0.2448002516757697,-0.040197987109422684,0.0184966,999,,,,,,,11.6,3.866666666,11.6,3.866666666,,,,,,,,,,,,,,,,,,,"Vidal Brujan","20536",660644
"Josh Rojas","KCR",3,14,12,3,2,1,0,0,1,1,1,0,3,0,0,0,,0,0,0.228944,0.0946813,0.219619,0.431116,0.303796,0.33441,0.284821,0.638207,0.105466,4.31559,0.283323,-0.0199663,0.0110337,1.33328,-0.32093,77.7295,-0.00893269,-0.0671158,-0.3764100521802902,-0.017115797847509384,0.00903741,999,,,,,,,10.7,3.566666666,10.7,3.566666666,,,,,,,,,,,,,,,,,,,"Josh Rojas","19734",668942
"Samad Taylor","SEA",3,14,13,3,2,0,0,0,1,1,1,0,4,0,0,0,,1,0,0.218334,0.0825438,0.266974,0.309183,0.288076,0.320242,0.271664,0.608319,0.101909,5.80719,0.288602,-0.00294572,0.0483621,1.18373,-0.470481,78.2143,0.0454164,-0.0402582,-0.31406186148524284,-0.0902581736445427,0.00793303,999,,,,,,,8.7,2.9,8.7,2.9,,,,,,,,,,,,,,,,,,,"Samad Taylor","22274",669392
"Nicky Lopez","COL",3,14,12,3,2,1,0,0,2,1,1,0,2,0,0,0,,0,0,0.25133,0.0837438,0.152451,0.549315,0.320583,0.331355,0.291638,0.651938,0.0800242,5.23455,0.294845,0.0199344,-0.0150531,1.41077,-0.243436,71.7139,0.00488128,0.0122324,-0.46446646796539426,0.06223244871944189,0.0065019,999,,,,,,,10.7,3.566666666,10.7,3.566666666,,,,,,,,,,,,,,,,,,,"Nicky Lopez","19339",670032
"Kevin Newman","KCR",3,14,13,3,2,1,0,0,1,1,1,0,2,0,0,0,,0,0,0.243431,0.0571965,0.159994,0.357491,0.28971,0.331096,0.274193,0.620806,0.0876651,4.35351,0.282416,0.010429,0.00495039,1.21248,-0.441732,70.4084,0.0153794,-0.010429,-0.47290074545890093,0.03957098536193371,0.00496497,999,,,,,,,9.7,3.233333333,9.7,3.233333333,,,,,,,,,,,,,,,,,,,"Kevin Newman","17696",621028
"Tyler Wade","TEX",5,21,19,4,3,1,0,0,2,2,2,0,5,0,0,0,,1,0,0.220628,0.0874367,0.236,0.370495,0.294776,0.300533,0.268658,0.595309,0.0799056,5.54113,0.286501,-0.00276818,0.0505771,1.72434,-0.756971,71.0176,0.0478089,-0.0807387,-0.6695323586463928,-0.0057387202978134155,0.00486135,999,,,,,,,14.2,2.84,14.2,2.84,,,,,,,,,,,,,,,,,,,"Tyler Wade","15730",642180
"Nick Solak","SDP",0,1,1,0,0,0,0,0,0,0,0,0,0,0,0,0,,0,0,0.247449,0.076159,0.192477,0.395679,0.318097,0.35725,0.299886,0.675348,0.109801,3.15568,0.293439,,-0.00126001,0.107466,-0.0106919,89.1333,-0.00126001,0.0157569,-0.014139268780127168,0.015756886452436447,0.00356946,999,,,,,,,-1,,-1,,,,,,,,,,,,,,,,,,,,"Nick Solak","19294",669256
"Keston Hiura",,0,1,1,0,0,0,0,0,0,0,0,0,0,0,0,0,,0,0,0.244538,0.0692604,0.29663,0.233491,0.312901,0.436534,0.324317,0.749436,0.191996,2.78765,0.31286,,-0.00233592,0.127301,0.00914367,94.0999,-0.00233592,0.0045292,-0.009328799787908792,0.004529199097305536,0.0029129,999,,,,,,,-1,,-1,,,,,,,,,,,,,,,,,,,,"Keston Hiura","20003",669374
"Abraham Toro","KCR",0,1,1,0,0,0,0,0,0,0,0,0,0,0,0,0,,0,0,0.246903,0.0744406,0.190092,0.391603,0.310183,0.381176,0.303309,0.69136,0.134273,4.0439,0.288513,,-0.000819344,0.110244,-0.00791323,89.2857,-0.000819344,0.0059844,-0.013447451230604202,0.005984400864690542,0.00275787,999,,,,,,,-1,,-1,,,,,,,,,,,,,,,,,,,,"Abraham Toro","19844",647351
"José Devers",,0,1,1,0,0,0,0,0,0,0,0,0,0,0,0,0,,0,0,0.23688,0.062715,0.200104,0.313411,0.291712,0.348128,0.281811,0.639839,0.111247,4.27611,0.285799,,-0.00174638,0.0927901,-0.0253676,78.1635,-0.00174638,0.0196596,-0.027627171715721488,0.019659649580717087,0.00258879,999,,,,,,,-1,,-1,,,,,,,,,,,,,,,,,,,,"Jose Devers","20540",672701
"Michael Stefanic","ATH",0,1,1,0,0,0,0,0,0,0,0,0,0,0,0,0,,0,0,0.256076,0.0921737,0.140841,0.654451,0.337994,0.332654,0.302506,0.670648,0.0765786,2.65831,0.293723,,-0.00256911,0.109593,-0.00856497,92.514,-0.00256911,-0.00435678,-0.011416940717026591,-0.004356777761131525,0.00184885,999,,,,,,,-1,,-1,,,,,,,,,,,,,,,,,,,,"Michael Stefanic","25353",683021
"Nick Maton",,0,1,1,0,0,0,0,0,0,0,0,0,0,0,0,0,,0,0,0.21644,0.108977,0.255509,0.42651,0.309785,0.353284,0.295583,0.663069,0.136844,2.92975,0.272963,,-0.00232394,0.103972,-0.0141858,87.9026,-0.00232394,0,-0.016582176322117448,0,0.00182487,999,,,,,,,-1,,-1,,,,,,,,,,,,,,,,,,,,"Nick Maton","21635",665155
"Rodolfo Castro",,0,1,1,0,0,0,0,0,0,0,0,0,0,0,0,0,,0,0,0.228723,0.0733618,0.262306,0.27968,0.293743,0.396123,0.300436,0.689866,0.1674,4.39911,0.279637,,-0.00233665,0.107912,-0.0102454,89.7831,-0.00233665,-0.00218228,-0.014445791020989418,-0.0021822836715728045,0.0017027,999,,,,,,,-1,,-1,,,,,,,,,,,,,,,,,,,,"Rodolfo Castro","21987",666801
"Niko Goodrum",,0,1,1,0,0,0,0,0,0,0,0,0,0,0,0,0,,0,0,0.214073,0.109266,0.285621,0.382557,0.305053,0.334107,0.286569,0.63916,0.120033,5.02271,0.28889,,0.000048319,0.0966534,-0.0215043,85.6327,0.000048319,0,-0.016979887939669425,0,0.00166671,999,,,,,,,-1,,-1,,,,,,,,,,,,,,,,,,,,"Niko Goodrum","12092",592348
"Buddy Kennedy","SFG",0,1,1,0,0,0,0,0,0,0,0,0,0,0,0,0,,0,0,0.230035,0.0959775,0.203166,0.472409,0.314211,0.3517,0.296664,0.665911,0.121665,3.27382,0.275001,,-0.00190055,0.10485,-0.0133077,89.319,-0.00190055,-0.00334542,-0.014559793984517455,-0.0033454152289777994,0.00157204,999,,,,,,,-1,,-1,,,,,,,,,,,,,,,,,,,,"Buddy Kennedy","22505",671083
"Ronny Simon","PIT",0,1,1,0,0,0,0,0,0,0,0,0,0,0,0,0,,0,0,0.239407,0.0771934,0.207858,0.371376,0.300842,0.364121,0.292329,0.664962,0.124714,5.80118,0.288171,,0.0015764,0.10133,-0.0168278,83.9562,0.0015764,-0.00150753,-0.017438817187212408,-0.0015075330156832933,0.00146551,999,,,,,,,-1,,-1,,,,,,,,,,,,,,,,,,,,"Ronny Simon","25346",682927
"Isan Díaz",,0,1,1,0,0,0,0,0,0,0,0,0,0,0,0,0,,0,0,0.229395,0.0923521,0.237773,0.388404,0.304663,0.396254,0.306382,0.700917,0.166859,3.41243,0.26865,,-0.0013905,0.11274,-0.00541767,92.5824,-0.0013905,-0.01,-0.010133014409802854,-0.009999999776482582,0.00146157,999,,,,,,,-1,,-1,,,,,,,,,,,,,,,,,,,,"Isan Diaz","17922",656371
"Donovan Solano",,0,1,1,0,0,0,0,0,0,0,0,0,0,0,0,0,,0,0,0.237764,0.0709457,0.223509,0.317417,0.303761,0.337728,0.28572,0.641489,0.0999644,2.54035,0.296928,,-0.0017845,0.095964,-0.0221937,82.7708,-0.0017845,0.000412957,-0.02209109184332192,0.0004129570152144879,0.00130349,999,,,,,,,-1,,-1,,,,,,,,,,,,,,,,,,,,"Donovan Solano","8623",456781
"Diego Castillo",,0,1,1,0,0,0,0,0,0,0,0,0,0,0,0,0,,0,0,0.234727,0.0942267,0.184591,0.51046,0.309498,0.340322,0.28983,0.64982,0.105595,2.88927,0.276217,,-0.00243694,0.099301,-0.0188567,81.18,-0.00243694,0.00220089,-0.024618457071483135,0.0022008924279361963,0.00122783,999,,,,,,,-1,,-1,,,,,,,,,,,,,,,,,,,,"Diego Castillo","19906",660636
"Cavan Biggio",,0,1,1,0,0,0,0,0,0,0,0,0,0,0,0,0,,0,0,0.216919,0.107438,0.250545,0.428815,0.314248,0.329863,0.290715,0.644111,0.112944,3.85416,0.280603,,-0.0010122,0.10002,-0.0181377,81.7901,-0.0010122,0,-0.022474694647826254,0,0.00122199,999,,,,,,,-1,,-1,,,,,,,,,,,,,,,,,,,,"Cavan Biggio","19252",624415
"Brandon Drury",,0,1,1,0,0,0,0,0,0,0,0,0,0,0,0,0,,0,0,0.227944,0.0761574,0.237779,0.320286,0.294852,0.371234,0.292566,0.666086,0.14329,2.95964,0.276284,,-0.00166128,0.101522,-0.0166355,85.8241,-0.00166128,-0.00643039,-0.018369235913269222,-0.0064303940162062645,0.000984118,999,,,,,,,-1,,-1,,,,,,,,,,,,,,,,,,,,"Brandon Drury","11615",592273
"Eddy Alvarez",,0,1,1,0,0,0,0,0,0,0,0,0,0,0,0,0,,0,0,0.210004,0.0858435,0.276595,0.310358,0.296717,0.336915,0.283685,0.633632,0.126911,4.86334,0.274299,,-0.000119166,0.0943122,-0.0238455,79.4478,-0.000119166,0,-0.024477830076648388,0,0.000899574,999,,,,,,,-1,,-1,,,,,,,,,,,,,,,,,,,,"Eddy Alvarez","16959",657193
"José Rodríguez","PHI",0,1,1,0,0,0,0,0,0,0,0,0,0,0,0,0,,0,0,0.245517,0.0417666,0.199378,0.209485,0.277847,0.377901,0.284029,0.655748,0.132384,5.25421,0.284838,,0.000798201,0.0945912,-0.0235665,78.5436,0.000798201,0,-0.024632096872664988,0,0.000883791,999,,,,,,,-1,,-1,,,,,,,,,,,,,,,,,,,,"Jose Rodriguez","24388",679563
"Michael Chavis","CIN",0,1,1,0,0,0,0,0,0,0,0,0,0,0,0,0,,0,0,0.239893,0.0567274,0.272435,0.208223,0.289807,0.41626,0.304645,0.706067,0.176367,4.2627,0.297955,,-0.00101745,0.111329,-0.00682839,89.3965,-0.00101745,-0.0111967,-0.013584785861894488,-0.011196749284863472,0.000868501,999,,,,,,,-1,,-1,,,,,,,,,,,,,,,,,,,,"Michael Chavis","17321",656308
"Liover Peguero","PHI",0,1,1,0,0,0,0,0,0,0,0,0,0,0,0,0,,0,0,0.236979,0.0627103,0.239537,0.261798,0.287079,0.366953,0.285819,0.654032,0.129974,5.34062,0.294429,,0.00108667,0.0960445,-0.0221133,79.4967,0.00108667,-0.00315403,-0.02321395045146346,-0.003154028207063675,0.000706188,999,,,,,,,-1,,-1,,,,,,,,,,,,,,,,,,,,"Liover Peguero","24273",678894
"Harold Castro",,0,1,1,0,0,0,0,0,0,0,0,0,0,0,0,0,,0,0,0.251449,0.0471779,0.207177,0.227717,0.289688,0.384054,0.292749,0.673741,0.132605,3.64956,0.29546,,-0.000895533,0.101671,-0.0164869,83.1907,-0.000895533,-0.00702091,-0.020707228395622224,-0.007020905613899231,0.000684495,999,,,,,,,-1,,-1,,,,,,,,,,,,,,,,,,,,"Harold Castro","14691",605612
"Charles Leblanc",,0,1,1,0,0,0,0,0,0,0,0,0,0,0,0,0,,0,0,0.21897,0.104793,0.289324,0.362199,0.306138,0.347017,0.291359,0.653156,0.128048,3.18767,0.293582,,-0.00174542,0.100543,-0.0176148,84.7048,-0.00174542,-0.00719919,-0.019873378332704306,-0.007199191953986883,0.0006341,999,,,,,,,-1,,-1,,,,,,,,,,,,,,,,,,,,"Charles Leblanc","19813",641779
"Sergio Alcántara",,0,1,1,0,0,0,0,0,0,0,0,0,0,0,0,0,,0,0,0.221574,0.107423,0.236531,0.454161,0.30722,0.319204,0.281886,0.626424,0.0976295,4.11171,0.288014,,-0.0022429,0.0928513,-0.0253064,77.7019,-0.0022429,-0.000339875,-0.028670825297012925,-0.0003398751141503453,0.000435805,999,,,,,,,-1,,-1,,,,,,,,,,,,,,,,,,,,"Sergio Alcantara","16417",642727
"Christian Arroyo","NYM",0,1,1,0,0,0,0,0,0,0,0,0,0,0,0,0,,0,0,0.235741,0.0548797,0.234995,0.233535,0.287511,0.363741,0.285426,0.651253,0.128001,3.36547,0.291065,,-0.00114308,0.0957259,-0.0224318,79.501,-0.00114308,-0.0060709,-0.025438652490265667,-0.006070903968065977,0.00018014,999,,,,,,,-1,,-1,,,,,,,,,,,,,,,,,,,,"Christian Arroyo","16434",624414
"Chad Stevens","COL",0,1,1,0,0,0,0,0,0,0,0,0,0,0,0,0,,0,0,0.218268,0.0673329,0.31132,0.216282,0.279173,0.358511,0.279845,0.637684,0.140243,4.9787,0.297708,,-0.000717168,0.0911945,-0.0269632,76.1406,-0.000717168,-0.00385055,-0.02883826266042888,-0.0038505480624735355,0.000176956,999,,,,,,,-1,,-1,,,,,,,,,,,,,,,,,,,,"Chad Stevens","29614",677060
"Terrin Vavra",,0,1,1,0,0,0,0,0,0,0,0,0,0,0,0,0,,0,0,0.225746,0.0853919,0.238779,0.357618,0.299295,0.32207,0.27827,0.621364,0.0963239,4.37189,0.291199,,-0.00117572,0.0899153,-0.0282424,77.6778,-0.00117572,-0.00688143,-0.027485058293677866,-0.006881425157189369,0.00000530905,999,,,,,,,-1,,-1,,,,,,,,,,,,,,,,,,,,"Terrin Vavra","24400",679631
"Luis Guillorme",,0,1,1,0,0,0,0,0,0,0,0,0,0,0,0,0,,0,0,0.219722,0.112137,0.218395,0.513457,0.310092,0.299837,0.277652,0.609929,0.0801156,2.99332,0.278707,,-0.00193583,0.0894138,-0.0287439,76.3832,-0.00193583,-0.00554223,-0.029770934605039656,-0.005542227067053318,-0.0000915479,999,,,,,,,-1,,-1,,,,,,,,,,,,,,,,,,,,"Luis Guillorme","16451",641645
"Jamie Westbrook",,0,1,1,0,0,0,0,0,0,0,0,0,0,0,0,0,,0,0,0.220121,0.076545,0.211306,0.362247,0.290958,0.329282,0.276696,0.620241,0.109161,2.04601,0.265266,,-0.00191376,0.0886377,-0.02952,74.2672,-0.00191376,-0.00329211,-0.03224283363670111,-0.0032921130768954754,-0.000114239,999,,,,,,,-1,,-1,,,,,,,,,,,,,,,,,,,,"Jamie Westbrook","15504",642197
"Grae Kessinger",,0,1,1,0,0,0,0,0,0,0,0,0,0,0,0,0,,0,0,0.212627,0.0954983,0.250788,0.380792,0.293021,0.321434,0.275551,0.614455,0.108807,3.65204,0.27188,,-0.00135477,0.087708,-0.0304497,73.3622,-0.00135477,-0.00203448,-0.03292604745365679,-0.0020344764925539494,-0.000172937,999,,,,,,,-1,,-1,,,,,,,,,,,,,,,,,,,,"Grae Kessinger","25813",666197
"Matthew Batten",,0,1,1,0,0,0,0,0,0,0,0,0,0,0,0,0,,0,0,0.208008,0.0717105,0.275809,0.260001,0.268598,0.304242,0.255443,0.57284,0.0962344,4.94135,0.277245,,0.00208714,0.071382,-0.0467757,60.1008,0.00208714,0.00916251,-0.04520170483738184,0.009162511676549911,-0.000283298,999,,,,,,,-1,,-1,,,,,,,,,,,,,,,,,,,,"Matthew Batten","20157",676946
"Coco Montes",,0,1,1,0,0,0,0,0,0,0,0,0,0,0,0,0,,0,0,0.219873,0.0674252,0.298856,0.225611,0.278535,0.348034,0.275475,0.626569,0.128161,4.77695,0.299918,,-0.00095498,0.0876462,-0.0305115,73.426,-0.00095498,-0.005,-0.032275548146571964,-0.004999999888241291,-0.000292325,999,,,,,,,-1,,-1,,,,,,,,,,,,,,,,,,,,"Coco Montes","21547",663796
"Alejo Lopez",,0,1,1,0,0,0,0,0,0,0,0,0,0,0,0,0,,0,0,0.237045,0.0754196,0.177649,0.424542,0.30695,0.306637,0.27687,0.613587,0.0695915,4.37983,0.286905,,0.000473044,0.0887788,-0.0293789,74.9036,0.000473044,-0.008,-0.029188688116846606,-0.00800000037997961,-0.000342172,999,,,,,,,-1,,-1,,,,,,,,,,,,,,,,,,,,"Alejo Lopez","21127",664670
"Donovan Walton","LAA",0,1,1,0,0,0,0,0,0,0,0,0,0,0,0,0,,0,0,0.227438,0.0718275,0.182742,0.393055,0.291667,0.328869,0.276281,0.620536,0.101431,2.64912,0.265059,,-0.00210278,0.0883004,-0.0298573,73.2359,-0.00210278,-0.00417128,-0.033823837991803885,-0.004171283449977636,-0.000483414,999,,,,,,,-1,,-1,,,,,,,,,,,,,,,,,,,,"Donovan Walton","19314",622268
"Owen Miller",,0,1,1,0,0,0,0,0,0,0,0,0,0,0,0,0,,0,0,0.253576,0.055394,0.198884,0.278524,0.302246,0.37201,0.295391,0.674256,0.118434,4.64439,0.303527,,0.000541661,0.103816,-0.0143418,74.2843,0.000541661,-0.00926764,-0.029936731210909784,-0.009267636574804783,-0.000607135,999,,,,,,,-1,,-1,,,,,,,,,,,,,,,,,,,,"Owen Miller","24655",680911
"Yonny Hernández","NYM",0,1,1,0,0,0,0,0,0,0,0,0,0,0,0,0,,0,0,0.226904,0.0896078,0.178489,0.502035,0.305958,0.291308,0.271692,0.597266,0.0644038,4.94876,0.276664,,-0.00152029,0.0845747,-0.033583,75.0039,-0.00152029,-0.00836868,-0.031145856366492808,-0.00836868491023779,-0.00063887,999,,,,,,,-1,,-1,,,,,,,,,,,,,,,,,,,,"Yonny Hernandez","19432",660634
"Jack Winkler","MIA",0,1,1,0,0,0,0,0,0,0,0,0,0,0,0,0,,0,0,0.212268,0.0663097,0.266101,0.249189,0.273298,0.316147,0.262108,0.589445,0.103879,5.37109,0.279782,,0.00245219,0.0767934,-0.0413643,63.7964,0.00245219,-0.000365164,-0.0404565108474344,-0.0003651641309261322,-0.000772606,999,,,,,,,-1,,-1,,,,,,,,,,,,,,,,,,,,"Jack Winkler","29830",676466
"Will Wilson","CLE",0,1,1,0,0,0,0,0,0,0,0,0,0,0,0,0,,0,0,0.211612,0.0706889,0.265264,0.266485,0.272337,0.329126,0.266142,0.601463,0.117515,3.34958,0.271173,,-0.00162978,0.0800688,-0.0380889,69.0637,-0.00162978,-0.00479987,-0.03809186478611082,-0.0047998675145208836,-0.000866931,999,,,,,,,-1,,-1,,,,,,,,,,,,,,,,,,,,"Will Wilson","25434",669717
"Connor Kaiser","KCR",0,1,1,0,0,0,0,0,0,0,0,0,0,0,0,0,,0,0,0.198945,0.0933281,0.304672,0.306323,0.279216,0.311915,0.264943,0.591131,0.11297,4.78005,0.278937,,-0.000689269,0.0790952,-0.0390625,66.0953,-0.000689269,-0.00119725,-0.04087330447509885,-0.001197253237478435,-0.000900382,999,,,,,,,-1,,-1,,,,,,,,,,,,,,,,,,,,"Connor Kaiser","21535",663731
"Darren Baker",,0,1,1,0,0,0,0,0,0,0,0,0,0,0,0,0,,0,0,0.238318,0.0675139,0.201023,0.335852,0.290017,0.294739,0.261837,0.584756,0.0564205,5.48456,0.299985,,0.00222876,0.0765733,-0.0415844,64.9719,0.00222876,-0.00324957,-0.039286816492676735,-0.0032495688647031784,-0.000948042,999,,,,,,,-1,,-1,,,,,,,,,,,,,,,,,,,,"Darren Baker","29912",671117
"Nate Mondou",,0,1,1,0,0,0,0,0,0,0,0,0,0,0,0,0,,0,0,0.213948,0.086307,0.217684,0.396479,0.29133,0.289802,0.263592,0.581132,0.0758535,3.77013,0.2723,,-0.00263403,0.0779983,-0.0401594,69.8927,-0.00263403,-0.00660342,-0.03831740445457399,-0.006603415589779615,-0.001192,999,,,,,,,-1,,-1,,,,,,,,,,,,,,,,,,,,"Nate Mondou","19563",670148
"Aaron Schunk","ATL",0,1,1,0,0,0,0,0,0,0,0,0,0,0,0,0,,0,0,0.226972,0.0492339,0.255313,0.192837,0.268903,0.341806,0.267124,0.610709,0.114834,4.68262,0.290901,,-0.00155736,0.0808661,-0.0372916,68.1028,-0.00155736,-0.0113595,-0.039362145704217255,-0.01135948020964861,-0.00178549,999,,,,,,,-1,,-1,,,,,,,,,,,,,,,,,,,,"Aaron Schunk","25524",668845
"Dixon Machado",,0,1,1,0,0,0,0,0,0,0,0,0,0,0,0,0,,0,0,0.205691,0.0995333,0.213898,0.46533,0.291692,0.278008,0.26078,0.5697,0.0723167,2.59713,0.25707,,-0.00126695,0.0757154,-0.0424423,66.0202,-0.00126695,-0.01,-0.04154004412703216,-0.009999999776482582,-0.00186923,999,,,,,,,-1,,-1,,,,,,,,,,,,,,,,,,,,"Dixon Machado","11472",553988
"Yolmer Sánchez","LAA",0,1,1,0,0,0,0,0,0,0,0,0,0,0,0,0,,0,0,0.194325,0.102805,0.275035,0.373791,0.284967,0.27757,0.257452,0.562537,0.0832449,4.02144,0.266093,,-0.00127539,0.0730133,-0.0451444,60.7148,-0.00127539,-0.00669171,-0.04757763398811221,-0.006691705901175737,-0.002031,999,,,,,,,-1,,-1,,,,,,,,,,,,,,,,,,,,"Yolmer Sanchez","11602",570560
"Alan Trejo",,0,1,1,0,0,0,0,0,0,0,0,0,0,0,0,0,,0,0,0.233601,0.0556908,0.245792,0.226577,0.280686,0.371973,0.284343,0.652658,0.138371,3.30859,0.289666,,-0.00177476,0.0948458,-0.0233119,66.716,-0.00177476,-0.0127666,-0.0412231805967167,-0.012766550295054913,-0.00211986,999,,,,,,,-1,,-1,,,,,,,,,,,,,,,,,,,,"Alan Trejo","20056",676701
"David Fletcher",,0,1,1,0,0,0,0,0,0,0,0,0,0,0,0,0,,0,0,0.229091,0.0469379,0.165487,0.283635,0.268133,0.296934,0.250571,0.565067,0.0678427,4.18258,0.268402,,0.000040707,0.0674265,-0.0507312,56.7634,0.000040707,-0.00399198,-0.051203615232225275,-0.003991980571299791,-0.00224324,999,,,,,,,-1,,-1,,,,,,,,,,,,,,,,,,,,"David Fletcher","17992",664058
"Alex De Goti",,0,1,1,0,0,0,0,0,0,0,0,0,0,0,0,0,,0,0,0.196399,0.0884344,0.261614,0.338034,0.2748,0.265763,0.247087,0.540563,0.069364,3.57997,0.266089,,-0.00127036,0.0645978,-0.0535599,56.1581,-0.00127036,-0.008,-0.052943103364668787,-0.00800000037997961,-0.00271381,999,,,,,,,-1,,-1,,,,,,,,,,,,,,,,,,,,"Alex De Goti","19477",621008
"Jack López",,0,1,1,0,0,0,0,0,0,0,0,0,0,0,0,0,,0,0,0.203558,0.0354638,0.319542,0.110983,0.237628,0.308602,0.239052,0.546231,0.105044,4.92872,0.282601,,0.000422425,0.058074,-0.0600837,48.0394,0.000422425,-0.00212239,-0.06081914607784711,-0.0021223905496299267,-0.00291828,999,,,,,,,-1,,-1,,,,,,,,,,,,,,,,,,,,"Jack Lopez","13663",605346
"Garrett Hampson","CIN",8,35,31,7,5,1,0,0,4,3,3,0,9,0,0,0,,1,0,0.221878,0.0820141,0.248767,0.329683,0.289517,0.317722,0.271193,0.607239,0.0958442,5.24992,0.289518,0.0311364,0.0593708,2.94594,-1.18958,66.4809,0.0905072,-0.15688,-1.29993836581707,0.018120363354682922,-0.0120073,999,,,,,,,22,2.75,22,2.75,,,,,,,,,,,,,,,,,,,"Garrett Hampson","19262",641658
"DJ LeMahieu",,36,154,136,31,23,5,0,3,16,13,15,0,31,1,1,1,,1,1,0.23077,0.0992433,0.200329,0.495402,0.310389,0.331237,0.28762,0.641626,0.100467,2.60874,0.276783,-0.289016,-0.342418,15.0161,-3.18019,82.2885,-0.631433,-0.490472,-3.8551852107048035,-1.690471738576889,-0.0341349,999,,,,,,,127.4,3.538888888,127.4,3.538888888,,,,,,,,,,,,,,,,,,,"DJ LeMahieu","9874",518934
"Ildemaro Vargas","ARI",16,70,65,15,11,3,0,1,7,6,4,0,10,0,0,0,,1,0,0.237124,0.0572948,0.136815,0.418776,0.284828,0.335966,0.27346,0.620794,0.0988422,4.53197,0.264812,0.00450401,-0.081519,6.0207,-2.25033,71.9296,-0.077015,0.0756674,-2.405857190489769,-0.5243326649069786,-0.0615177,999,,,,,,,51,3.1875,51,3.1875,,,,,,,,,,,,,,,,,,,"Ildemaro Vargas","13324",545121
"Adam Frazier",,84,364,329,78,58,15,1,3,37,29,26,0,60,5,3,2,,7,3,0.237398,0.0703478,0.164429,0.427832,0.299994,0.322048,0.277777,0.622043,0.0846503,4.6635,0.27851,-0.0632756,-0.240692,32.5837,-10.4258,75.5269,-0.303968,-1.64657,-10.83268204331398,-2.3465718626976013,-0.0879812,741.2899780273438,,,,,,,283.1,3.370238095,283.1,3.370238095,,,,,,,,,,,,,,,,,,,"Adam Frazier","15223",624428