,Name,OttoneuID,FG MajorLeagueID,FG MinorLeagueID,MLB Org,Position(s),Avg Salary,Median Salary,Min Salary,Max Salary,Last 10,Roster%
0,Shohei Ohtani,33600,19755.0,,LAD,Util/SP,$77.33,$77.50,$60,$89,$61.00,100.0
1,Aaron Judge,18312,15640.0,sa549847,NYY,OF,$71.50,$71.00,$54,$85,$49.90,100.0
2,Juan Soto,23717,20123.0,sa906282,NYM,OF,$69.48,$70.00,$59,$81,$69.90,95.833
3,Mookie Betts,18276,13611.0,sa597889,LAD,SS,$57.31,$60.50,$33,$68,$49.50,66.667
4,Yordan Alvarez,23795,19556.0,sa943524,HOU,OF,$52.00,$51.00,$25,$68,$42.10,83.333
5,Ronald Acuña Jr.,23327,18401.0,sa877503,ATL,OF,$51.65,$50.00,$38,$72,$45.30,95.833
6,Fernando Tatis Jr.,23682,19709.0,sa919910,SDP,OF,$50.48,$52.00,$40,$57,$42.80,95.833
7,José Ramírez,18284,13510.0,sa598784,CLE,3B,$48.45,$47.00,$38,$60,$39.30,91.667
8,Vladimir Guerrero Jr.,18549,19611.0,sa920245,TOR,1B,$48.26,$48.00,$39,$59,$43.20,95.833
9,Bobby Witt Jr.,36668,25764.0,sa3011225,KCR,SS,$46.71,$46.50,$24,$68,$26.70,100.0
10,Bryce Harper,14982,11579.0,sa548033,PHI,1B,$45.33,$46.00,$34,$57,$41.00,75.0
11,Corey Seager,18216,13624.0,sa657913,TEX,SS,$45.20,$44.00,$35,$55,$40.30,83.333
12,Rafael Devers,18344,17350.0,sa828312,SFG,1B,$43.79,$43.00,$37,$53,$42.20,79.167
13,Kyle Tucker,18546,18345.0,sa874240,LAD,OF,$42.71,$42.50,$32,$57,$34.70,100.0
14,Freddie Freeman,5680,5361.0,sa390291,LAD,1B,$42.70,$42.00,$31,$56,$41.00,83.333
15,Paul Skenes,43894,33677.0,sa3023079,PIT,SP,$41.75,$41.00,$14,$60,$17.20,100.0
16,Yoshinobu Yamamoto,44525,33825.0,sa3023345,LAD,SP,$41.35,$42.00,$31,$50,$32.10,95.833
17,Kyle Schwarber,18347,16478.0,sa709545,PHI,OF,$40.96,$39.00,$25,$56,$33.40,100.0
18,Francisco Lindor,18122,12916.0,sa597754,NYM,SS,$40.70,$40.00,$35,$48,$34.00,95.833
19,Julio Rodriguez,33625,23697.0,sa3005720,SEA,OF,$39.65,$41.00,$17,$52,$36.30,95.833
20,Tarik Skubal,35204,22267.0,sa3007593,DET,SP,$38.42,$40.50,$15,$54,$12.20,100.0
21,Matt Olson,18386,14344.0,sa657863,ATL,1B,$37.70,$39.00,$20,$52,$36.30,83.333
22,Trea Turner,18368,16252.0,sa599179,PHI,SS,$36.94,$36.00,$28,$48,$34.40,70.833
23,Mike Trout,6305,10155.0,sa500736,LAA,OF,$35.70,$35.00,$17,$72,$32.70,83.333
24,Gunnar Henderson,37806,26289.0,sa3011484,BAL,SS,$35.33,$34.00,$24,$54,$15.50,100.0
25,Pete Alonso,23859,19251.0,sa873981,BAL,1B,$34.48,$35.00,$25,$47,$30.60,87.5
26,Corbin Carroll,37182,25878.0,sa3010593,ARI,OF,$34.00,$33.00,$21,$54,$32.50,100.0
27,Austin Riley,22674,18360.0,sa874756,ATL,3B,$33.45,$36.00,$19,$48,$30.40,83.333
28,Manny Machado,14934,11493.0,sa548155,SDP,3B,$32.62,$30.00,$22,$51,$28.00,87.5
29,Max Fried,18164,13743.0,sa657860,NYY,SP,$29.67,$29.50,$21,$39,$24.20,100.0
30,Jose Altuve,5918,5417.0,sa455591,HOU,2B/OF,$29.61,$30.00,$16,$49,$23.50,75.0
31,Zack Wheeler,15962,10310.0,sa500722,PHI,SP,$29.44,$30.50,$16,$37,$25.70,75.0
32,Spencer Strider,38736,27498.0,sa3015059,ATL,SP,$29.32,$26.00,$20,$45,$24.10,79.167
33,Ketel Marte,18466,13613.0,sa597026,ARI,2B,$29.08,$29.00,$17,$40,$19.10,100.0
34,Seiya Suzuki,40927,30116.0,sa3018052,CHC,OF,$27.64,$29.00,$18,$35,$26.90,91.667
35,Framber Valdez,22426,17295.0,sa873146,FA,SP,$26.83,$26.00,$18,$40,$24.50,95.833
36,Alex Bregman,18480,17678.0,sa659419,CHC,3B,$26.70,$26.00,$18,$34,$25.30,95.833
37,Elly De La Cruz,36338,26668.0,sa3009289,CIN,SS,$26.50,$25.00,$16,$49,$15.50,100.0
38,Logan Webb,21015,17995.0,sa828873,SFG,SP,$25.92,$25.00,$16,$45,$27.30,100.0
39,Tyler Glasnow,18236,14374.0,sa597835,LAD,SP,$25.74,$25.00,$18,$34,$26.60,95.833
40,Blake Snell,18460,13543.0,sa597786,LAD,SP,$25.67,$25.50,$18,$38,$18.80,100.0
41,Luis Castillo,23732,15689.0,sa657487,SEA,SP,$25.27,$26.00,$20,$31,$23.20,62.5
42,Christian Yelich,14893,11477.0,sa548190,MIL,OF,$25.00,$25.00,$19,$32,$20.40,95.833
43,Dylan Cease,21052,18525.0,sa829000,TOR,SP,$24.68,$24.00,$15,$35,$17.90,91.667
44,Cal Raleigh,33654,21534.0,sa3008377,SEA,C,$23.92,$24.00,$11,$30,$9.50,100.0
45,Bo Bichette,23767,19612.0,sa917949,NYM,SS,$23.78,$23.00,$14,$38,$22.70,95.833
46,Roki Sasaki,46091,35323.0,sa3025686,LAD,SP,$23.47,$22.00,$9,$38,$14.20,79.167
47,George Kirby,36671,25436.0,sa3011526,SEA,SP,$23.09,$24.00,$10,$40,$16.80,95.833
48,Chris Sale,14393,10603.0,sa392121,ATL,SP,$23.04,$23.00,$14,$31,$16.40,100.0
49,Shota Imanaga,44526,33829.0,sa3023346,CHC,SP,$22.67,$22.50,$15,$30,$22.60,75.0
50,Logan Gilbert,33682,22250.0,sa3008598,SEA,SP,$22.58,$21.00,$15,$35,$14.40,100.0
51,Garrett Crochet,38312,27463.0,,BOS,SP,$22.33,$24.00,$10,$31,$6.60,100.0
52,Teoscar Hernandez,23651,13066.0,sa596861,LAD,OF,$22.00,$22.00,$13,$30,$19.50,83.333
53,Cole Ragans,23625,21846.0,sa917938,KCR,SP,$21.58,$22.50,$10,$35,$11.70,100.0
54,Freddy Peralta,19168,18679.0,sa737343,NYM,SP,$21.26,$20.00,$14,$34,$17.90,95.833
55,Jackson Chourio,39277,28806.0,sa3015704,MIL,OF,$21.04,$22.00,$7,$30,$5.30,100.0
56,Ozzie Albies,18397,16556.0,sa830219,ATL,2B,$20.92,$19.00,$9,$35,$11.20,54.167
57,Pablo Lopez,18786,17085.0,sa736473,MIN,SP,$20.61,$21.00,$12,$29,$21.50,95.833
58,Kodai Senga,42723,31838.0,,NYM,SP,$20.21,$19.00,$12,$26,$15.40,58.333
59,Riley Greene,36509,25976.0,sa3010694,DET,OF,$19.71,$20.00,$11,$26,$7.80,100.0
60,Sonny Gray,18113,12768.0,sa455516,BOS,SP,$19.63,$19.00,$15,$28,$14.00,79.167
61,Junior Caminero,39108,28163.0,sa3015532,TBR,3B,$19.63,$20.00,$7,$34,$7.00,100.0
62,Bryan Reynolds,23825,19326.0,sa873683,PIT,OF,$19.60,$19.00,$11,$31,$21.00,83.333
63,Marcus Semien,18263,12533.0,sa546772,NYM,2B,$19.57,$25.00,$9,$28,$9.40,29.167
64,Willy Adames,18407,15986.0,sa736655,SFG,SS,$19.41,$19.50,$11,$26,$15.70,91.667
65,Aaron Nola,18357,16149.0,sa599230,PHI,SP,$19.09,$16.00,$12,$35,$15.90,45.833
66,Hunter Greene,23824,22182.0,sa3005315,CIN,SP,$19.04,$18.50,$12,$28,$12.00,100.0
67,Alex Verdugo,18408,17027.0,sa828699,FA,OF,$19.00,$19.00,$19,$19,$1.00,4.167
68,Randy Arozarena,23840,19290.0,sa914549,SEA,OF,$18.82,$19.00,$11,$27,$16.30,91.667
69,Adley Rutschman,37257,26288.0,sa3011643,BAL,C,$18.76,$19.00,$12,$28,$12.70,70.833
70,Will Smith,23654,19197.0,sa873265,LAD,C,$18.74,$18.00,$9,$29,$15.80,79.167
71,Jazz Chisholm Jr.,23762,20454.0,sa919327,NYY,2B/3B,$18.54,$18.50,$11,$27,$13.90,100.0
72,Zac Gallen,23779,19291.0,sa857550,FA,SP,$18.53,$17.00,$6,$31,$10.40,70.833
73,Cody Bellinger,19328,15998.0,sa737794,NYY,OF,$18.50,$19.00,$11,$25,$17.30,91.667
74,Brandon Nimmo,18126,12927.0,sa597760,TEX,OF,$18.45,$18.50,$13,$24,$16.10,91.667
75,James Wood,40188,29518.0,sa3016870,WSN,OF,$18.25,$17.00,$9,$32,$6.60,100.0
76,Kevin Gausman,18196,14107.0,sa548347,TOR,SP,$17.92,$17.50,$10,$27,$14.20,100.0
77,Jacob DeGrom,14294,10954.0,sa548447,TEX,SP,$17.67,$18.00,$10,$24,$11.20,100.0
78,Ian Happ,18479,17919.0,sa827194,CHC,OF,$17.50,$17.50,$9,$24,$12.90,91.667
79,Oneil Cruz,32291,21711.0,sa917318,PIT,OF,$17.48,$18.00,$11,$23,$9.00,87.5
80,Carlos Correa,18160,14162.0,sa657850,HOU,SS/3B,$17.17,$15.00,$7,$30,$10.60,75.0
81,Wyatt Langford,43896,33333.0,sa3022654,TEX,OF,$17.00,$17.50,$6,$28,$10.70,100.0
82,Hunter Brown,37201,25880.0,sa3010571,HOU,SP,$16.96,$16.00,$9,$27,$6.80,100.0
83,Joe Ryan,35196,21390.0,sa3007584,MIN,SP,$16.92,$16.00,$11,$27,$11.10,100.0
84,Nick Kurtz,45716,35110.0,sa3025385,ATH,1B,$16.83,$17.00,$6,$28,$4.70,100.0
85,Brent Rooker,23793,19627.0,sa3003172,ATH,OF,$16.79,$15.00,$7,$27,$4.80,100.0
86,William Contreras,22391,20503.0,sa872847,MIL,C,$16.48,$17.00,$9,$25,$11.90,95.833
87,Byron Buxton,18163,14161.0,sa657851,MIN,OF,$16.00,$16.00,$8,$22,$10.50,100.0
88,Michael Harris II,37295,25931.0,sa3010684,ATL,OF,$15.62,$14.00,$10,$23,$12.70,87.5
89,Jackson Merrill,40142,29490.0,sa3016829,SDP,OF,$15.54,$14.50,$7,$30,$7.20,100.0
90,Luis Robert Jr.,23780,20043.0,sa3003396,NYM,OF,$15.50,$13.00,$9,$24,$9.70,50.0
91,Adolis García,23745,19287.0,sa908695,PHI,OF,$15.50,$16.00,$10,$20,$9.50,33.333
92,Bryan Woo,41042,30279.0,sa3018290,SEA,SP,$15.46,$14.50,$7,$27,$9.90,100.0
93,Nick Castellanos,14914,11737.0,sa548164,PHI,OF,$15.38,$14.50,$6,$34,$10.30,33.333
94,Cristopher Sanchez,20975,20778.0,sa828749,PHI,SP,$15.25,$15.50,$8,$24,$5.80,100.0
95,Vinnie Pasquantino,37094,27676.0,sa1115762,KCR,1B,$15.13,$15.00,$10,$22,$11.10,100.0
96,Isaac Paredes,23831,20036.0,sa920275,HOU,3B,$14.70,$13.00,$9,$28,$15.80,95.833
97,Jackson Holliday,42126,31781.0,sa3020241,BAL,2B/SS,$14.50,$13.50,$9,$26,$7.70,100.0
98,Nolan Jones,23870,20529.0,sa917941,CLE,OF,$14.50,$14.50,$12,$17,$3.00,8.333
99,Josh Naylor,22655,18839.0,sa874243,SEA,1B,$14.39,$14.00,$9,$25,$10.20,95.833
100,Josh Hader,18391,14212.0,sa658473,HOU,RP,$14.28,$14.50,$6,$21,$9.40,75.0
101,Corbin Burnes,23813,19361.0,sa873673,ARI,SP,$14.18,$13.00,$7,$24,$9.70,45.833
102,Dylan Crews,43950,33541.0,sa3022882,WSN,OF,$14.05,$14.00,$6,$22,$11.40,87.5
103,Willson Contreras,12398,11609.0,sa508176,BOS,1B,$13.95,$14.00,$6,$25,$12.40,83.333
104,Carlos Rodon,18359,16137.0,sa598286,NYY,SP,$13.95,$14.00,$6,$23,$9.00,79.167
105,Bryce Miller,40550,29837.0,sa3017414,SEA,SP,$13.81,$13.00,$8,$23,$10.30,87.5
106,Taylor Ward,22048,17548.0,sa858832,BAL,OF,$13.78,$12.00,$7,$26,$12.30,95.833
107,Anthony Santander,23856,14551.0,sa659463,TOR,OF,$13.77,$13.00,$7,$27,$6.90,91.667
108,Edwin Diaz,23601,14710.0,sa657938,LAD,RP,$13.71,$13.00,$7,$23,$9.80,100.0
109,Grayson Rodriguez,33612,24492.0,sa3008130,LAA ST,RP,$13.53,$13.00,$9,$26,$11.40,70.833
110,Royce Lewis,23796,20437.0,sa3004259,MIN,3B,$13.53,$14.00,$7,$19,$8.20,79.167
111,Jarren Duran,33685,24617.0,sa3006786,BOS,OF,$13.38,$13.00,$6,$21,$4.90,100.0
112,Mason Miller,40862,31757.0,sa3017934,SDP,RP,$13.38,$14.00,$8,$18,$9.40,100.0
113,Max Muncy,18255,13301.0,sa503373,LAD,3B,$13.33,$12.00,$6,$23,$10.40,100.0
114,Michael King,31751,19853.0,sa874220,SDP,SP,$13.14,$12.50,$9,$21,$10.80,91.667
115,Tyler O'Neill,19296,15711.0,sa737633,BAL,OF,$13.11,$13.00,$11,$17,$10.20,37.5
116,Eury Perez,38559,27768.0,sa3014807,MIA,SP,$13.00,$12.50,$9,$19,$9.20,100.0
117,Yandy Diaz,18517,16578.0,sa823741,TBR,1B,$12.95,$13.00,$8,$22,$12.10,87.5
118,CJ Abrams,36922,25768.0,sa3010152,WSN,SS,$12.88,$11.50,$8,$25,$5.50,100.0
119,Lourdes Gurriel Jr.,23722,19238.0,sa908697,ARI,OF,$12.83,$12.00,$7,$17,$7.50,25.0
120,Lars Nootbaar,34601,21454.0,sa3006649,STL,OF,$12.79,$11.50,$8,$23,$10.20,58.333
121,Brandon Lowe,31741,18882.0,sa874181,PIT,2B,$12.67,$12.00,$7,$20,$9.40,87.5
122,Steven Kwan,35824,24610.0,sa3008536,CLE,OF,$12.52,$12.00,$5,$18,$6.40,87.5
123,Devin Williams,19268,15816.0,sa737560,NYM,RP,$12.50,$13.00,$6,$18,$8.60,58.333
124,Gleyber Torres,18487,16997.0,sa830372,DET,2B,$12.50,$11.00,$5,$21,$9.90,75.0
125,Shane McClanahan,33647,21483.0,sa3008547,TBR ST,SP/RP,$12.47,$13.00,$5,$21,$9.10,70.833
126,Pete Crow-Armstrong,38327,27769.0,sa3014458,CHC,OF,$12.33,$12.00,$6,$20,$5.70,100.0
127,Dansby Swanson,18506,18314.0,sa659260,CHC,SS,$12.19,$11.00,$4,$22,$7.40,87.5
128,Christian Walker,18389,13419.0,sa503826,HOU,1B,$12.14,$11.00,$7,$18,$7.60,58.333
129,Xander Bogaerts,13117,12161.0,sa550735,SDP,SS,$12.09,$15.00,$7,$16,$8.10,45.833
130,Jesus Luzardo,23741,19959.0,sa917981,PHI,SP,$12.00,$11.50,$9,$17,$7.60,91.667
131,MacKenzie Gore,23810,22201.0,sa3005068,TEX,SP,$12.00,$12.00,$6,$17,$8.60,100.0
132,Roman Anthony,42409,31812.0,sa3020211,BOS,OF,$12.00,$11.00,$5,$22,$4.00,100.0
133,Nick Lodolo,36686,26378.0,sa917947,CIN,SP,$11.88,$11.50,$9,$15,$7.60,100.0
134,Luis Arraez,20545,18568.0,sa828153,FA,1B/2B,$11.80,$12.00,$6,$21,$9.80,62.5
135,Evan Carter,38389,27790.0,sa3014490,TEX,OF,$11.73,$11.00,$6,$23,$4.30,62.5
136,Nathan Eovaldi,9335,9132.0,sa455169,TEX,SP,$11.65,$11.00,$8,$15,$9.10,95.833
137,Matt Chapman,18378,16505.0,sa828672,SFG,3B,$11.52,$10.00,$6,$27,$6.40,95.833
138,Raisel Iglesias,18422,17130.0,sa830702,ATL,RP,$11.50,$9.50,$4,$22,$3.80,50.0
139,Jhoan Duran,22559,21029.0,sa873347,PHI,RP,$11.29,$11.00,$8,$15,$8.40,100.0
140,Ryan Helsley,22651,18138.0,sa874172,BAL,RP,$11.17,$11.00,$6,$18,$6.50,50.0
141,J.T. Realmuto,14864,11739.0,sa548255,PHI,C,$11.00,$10.00,$3,$21,$4.40,50.0
142,Danny Jansen,19481,16535.0,sa738162,TEX,C,$11.00,$11.00,$11,$11,$2.10,4.167
143,Kerry Carpenter,37300,25961.0,sa3010689,DET,OF,$10.91,$10.00,$7,$20,$4.90,95.833
144,Christopher Morel,26080,21897.0,sa3003171,MIA,OF,$10.75,$11.00,$7,$14,$4.10,16.667
145,Alec Bohm,33609,21618.0,sa3007284,PHI,1B/3B,$10.73,$11.00,$3,$15,$6.20,45.833
146,Matt McLain,40371,29695.0,sa3017154,CIN,2B,$10.69,$10.50,$6,$16,$13.20,66.667
147,Spencer Steer,37216,26323.0,sa3010586,CIN,1B/OF,$10.69,$10.50,$6,$20,$5.80,66.667
148,Ranger Suarez,31194,17277.0,sa659551,BOS,SP,$10.63,$10.50,$6,$17,$4.10,100.0
149,Nick Pivetta,19398,15454.0,sa737889,SDP,SP,$10.63,$10.00,$5,$17,$9.20,100.0
150,Josh Jung,37786,26299.0,sa3011468,TEX,3B,$10.55,$11.00,$6,$16,$5.10,45.833
151,Sandy Alcantara,20732,18684.0,sa828383,MIA,SP,$10.52,$9.00,$5,$23,$13.20,95.833
152,Jordan Westburg,38398,27815.0,sa3014499,BAL,2B/3B,$10.50,$10.00,$5,$16,$5.70,100.0
153,Jonathan India,33619,21523.0,sa3008178,KCR,2B/3B/OF,$10.50,$10.50,$10,$11,$4.00,8.333
154,Paul Goldschmidt,4374,9218.0,sa501577,FA,1B,$10.50,$10.00,$6,$17,$7.10,25.0
155,Andres Munoz,33259,20373.0,sa919548,SEA,RP,$10.50,$10.00,$8,$15,$8.70,100.0
156,Nolan Arenado,12379,9777.0,sa500816,ARI,3B,$10.50,$9.50,$5,$16,$3.20,25.0
157,Tanner Bibee,40978,30134.0,sa3018170,CLE,SP,$10.48,$10.00,$6,$14,$11.10,87.5
158,Clay Holmes,23790,13649.0,sa598167,NYM,SP,$10.45,$9.00,$5,$18,$8.00,45.833
159,Kumar Rocker,42110,31843.0,sa3020827,TEX ST,SP,$10.40,$9.50,$6,$17,$3.20,41.667
160,Jasson Dominguez,37635,28080.0,sa3014696,NYY,OF,$10.38,$10.00,$7,$14,$7.80,87.5
161,Gerrit Cole,18116,13125.0,sa454389,NYY ST,RP,$10.37,$9.00,$5,$20,$10.00,79.167
162,Shane Baz,23794,22264.0,sa3004765,BAL,SP,$10.36,$11.00,$5,$14,$6.00,91.667
163,Jung Hoo Lee,44524,33824.0,sa3012640,SFG,OF,$10.36,$10.00,$7,$16,$8.20,58.333
164,Walker Buehler,18504,19374.0,sa658292,FA,SP,$10.33,$11.00,$6,$14,$3.50,12.5
165,Emmanuel Clase,22568,21032.0,sa873427,CLE,RP,$10.33,$12.00,$5,$14,$5.90,12.5
166,Michael Busch,37841,26319.0,sa3011540,CHC,1B,$10.25,$9.00,$6,$25,$5.80,100.0
167,Bailey Ober,32966,21224.0,sa918555,MIN,SP,$10.25,$10.50,$5,$16,$5.00,50.0
168,Anthony Volpe,36683,27647.0,sa3010868,NYY,SS,$10.20,$10.00,$8,$14,$5.40,41.667
169,Zach Neto,42156,31347.0,sa3019855,LAA,SS,$10.17,$9.50,$6,$16,$4.20,100.0
170,George Springer,18124,12856.0,sa526414,TOR,OF,$10.08,$10.00,$3,$23,$5.40,100.0
171,Jake McCarthy,34921,21622.0,sa3007015,COL,OF,$10.00,$10.00,$10,$10,$2.00,4.167
172,Travis d'Arnaud,4980,7739.0,sa389876,LAA,C,$10.00,$10.00,$10,$10,$1.40,4.167
173,Triston Mckenzie,22675,18000.0,sa874760,SDP AAA,SP/RP,$10.00,$10.00,$10,$10,$2.10,4.167
174,Logan O'Hoppe,35181,24729.0,sa3007519,LAA,C,$9.90,$10.00,$4,$14,$7.10,41.667
175,Triston Casas,33651,22514.0,sa3007634,BOS,1B,$9.85,$8.00,$6,$19,$6.30,54.167
176,Salvador Perez,8626,7304.0,sa392995,KCR,C/1B,$9.83,$9.50,$5,$17,$7.50,75.0
177,Shane Bieber,23814,19427.0,sa873698,TOR,SP,$9.81,$10.00,$3,$15,$6.00,87.5
178,Marcell Ozuna,6130,10324.0,sa503013,FA,Util,$9.75,$8.50,$6,$17,$4.10,50.0
179,Zach Eflin,23612,13774.0,sa657853,BAL,SP,$9.75,$10.50,$4,$16,$3.50,33.333
180,Brendan Donovan,34619,24679.0,sa3006675,STL,2B/SS/OF,$9.65,$10.00,$6,$13,$6.30,95.833
181,Spencer Schwellenbach,42737,31846.0,sa3020703,ATL,SP,$9.63,$9.50,$5,$16,$4.20,100.0
182,Lawrence Butler,34788,22542.0,sa3006873,ATH,OF,$9.54,$9.00,$5,$17,$6.00,100.0
183,Gavin Williams,40941,30122.0,sa3018106,CLE,SP,$9.54,$9.00,$7,$15,$6.30,100.0
184,Ryan Pepiot,37649,26221.0,sa3011244,TBR,SP,$9.52,$9.00,$7,$14,$5.70,95.833
185,Brandon Pfaadt,38699,27782.0,sa3014983,ARI,SP,$9.50,$9.00,$4,$15,$3.70,41.667
186,Henry Davis,40052,29617.0,sa3017042,PIT,C,$9.50,$9.50,$9,$10,$2.40,8.333
187,Bryson Stott,37531,26294.0,sa3011443,PHI,2B/SS,$9.44,$9.00,$4,$15,$6.80,75.0
188,Heliot Ramos,23834,22515.0,sa3004693,SFG,OF,$9.43,$9.00,$5,$20,$8.10,95.833
189,Jacob Misiorowski,42711,31623.0,sa3020644,MIL,SP,$9.33,$9.50,$3,$16,$3.90,100.0
190,Ezequiel Tovar,35628,24064.0,sa3008239,COL,SS,$9.30,$9.00,$5,$14,$4.10,95.833
191,Colton Cowser,39978,29591.0,sa3017018,BAL,OF,$9.21,$9.00,$5,$17,$4.20,79.167
192,Jorge Soler,18162,14221.0,sa658226,LAA,OF,$9.20,$9.00,$5,$12,$6.00,20.833
193,Robbie Ray,14941,11486.0,sa549085,SFG,SP,$9.13,$8.00,$5,$16,$6.20,95.833
194,Yu Darvish,15556,13074.0,sa379610,SDP,SP,$9.13,$9.00,$5,$15,$3.10,33.333
195,Marco Luciano,33646,25616.0,sa3010022,NYY AAA,OF,$9.00,$9.00,$8,$10,$2.00,8.333
196,MJ Melendez,26472,22197.0,sa3004139,KCR AAA,OF,$9.00,$9.00,$9,$9,$1.10,4.167
197,Tyler Fitzgerald,37662,26208.0,sa3011257,SFG ST,2B,$9.00,$9.00,$9,$9,$2.60,4.167
198,Jeremy Pena,35939,21636.0,sa876320,HOU,SS,$8.96,$8.00,$4,$18,$6.70,100.0
199,Jordan Lawlar,40260,29976.0,sa3017662,ARI,2B/SS/3B,$8.79,$9.00,$4,$12,$5.00,79.167
200,Justin Steele,21039,17312.0,sa828960,CHC,RP,$8.77,$8.00,$4,$17,$5.50,91.667
201,Brandon Woodruff,23693,16162.0,sa597893,MIL,SP,$8.71,$9.00,$5,$14,$5.80,100.0
202,Eugenio Suarez,9668,12552.0,sa505033,FA,3B,$8.67,$8.00,$3,$18,$7.80,100.0
203,Yainer Diaz,26292,23003.0,sa3003386,HOU,C,$8.63,$8.00,$7,$12,$5.90,66.667
204,Colt Keith,38374,27899.0,sa3014474,DET,1B/2B/3B,$8.63,$8.00,$6,$12,$7.20,100.0
205,Reese Olson,35808,24968.0,sa3008513,DET,SP,$8.58,$8.00,$5,$15,$5.30,100.0
206,Connelly Early,44515,33666.0,sa3023308,BOS,SP/RP,$8.58,$8.00,$3,$18,$5.10,79.167
207,Jack Flaherty,20920,17479.0,sa828681,DET,SP,$8.56,$8.00,$5,$15,$6.50,75.0
208,Alex Cobb,17983,6562.0,sa326698,DET AAA,SP/RP,$8.50,$8.50,$3,$14,$1.70,8.333
209,Jason Adam,27723,11861.0,sa548332,SDP,RP,$8.42,$9.00,$6,$10,$5.30,50.0
210,Seth Lugo,23701,12447.0,sa599698,KCR,SP,$8.40,$8.00,$7,$11,$4.60,41.667
211,Jake Burger,23809,22275.0,sa915698,TEX,1B,$8.36,$7.00,$3,$19,$3.50,45.833
212,Tyler Stephenson,22654,17988.0,sa874242,CIN,C,$8.33,$7.00,$4,$14,$2.30,37.5
213,Jared Jones,38361,27863.0,sa3014459,PIT ST,RP,$8.27,$8.50,$5,$15,$6.00,91.667
214,Taj Bradley,35367,22543.0,sa3007839,MIN,SP,$8.25,$8.00,$4,$15,$4.10,50.0
215,Bryan Abreu,20900,16609.0,sa828588,HOU,RP,$8.17,$9.00,$4,$12,$4.00,95.833
216,Jackson Jobe,40097,30203.0,sa3018054,DET,SP,$8.13,$7.00,$5,$14,$4.10,66.667
217,Mark Vientos,26857,22184.0,sa3004720,NYM,3B,$8.05,$8.00,$4,$13,$5.60,91.667
218,Edouard Julien,38350,27534.0,sa3014445,MIN,1B/2B,$8.00,$8.00,$8,$8,$1.80,4.167
219,Heston Kjerstad,38319,31166.0,sa3014439,BAL ST,OF,$8.00,$8.00,$7,$9,$2.80,16.667
220,Adael Amador,38448,27962.0,sa3014682,COL ST,2B,$8.00,$8.00,$8,$8,$2.30,4.167
221,Drew Rasmussen,35922,25385.0,sa829799,TBR,SP,$7.96,$7.00,$5,$16,$2.80,100.0
222,Francisco Alvarez,37427,26121.0,sa3010862,NYM,C,$7.94,$7.50,$4,$13,$4.80,75.0
223,Jordan Walker,38366,27475.0,sa3014464,STL,OF,$7.90,$7.50,$4,$14,$3.30,41.667
224,Cam Schlittler,43589,32095.0,sa3021981,NYY,SP,$7.88,$7.50,$4,$13,$3.70,100.0
225,Wilyer Abreu,27058,23772.0,sa3005082,BOS,OF,$7.83,$7.50,$4,$12,$5.70,100.0
226,Travis Bazzana,45709,,sa3025129,CLE AAA,2B,$7.83,$7.00,$4,$15,$5.10,95.833
227,Chase Burns,45706,35333.0,sa3028086,CIN,SP/RP,$7.75,$7.00,$3,$18,$4.60,100.0
228,Tanner Scott,21075,17586.0,sa829027,LAD,RP,$7.67,$7.00,$7,$9,$5.50,12.5
229,Nolan McLean,44336,33703.0,sa3023053,NYM,SP,$7.67,$8.00,$3,$15,$5.40,100.0
230,Tyler Soderstrom,38388,27467.0,sa3014489,ATH,1B/OF,$7.63,$7.00,$3,$16,$5.20,100.0
231,Shea Langeliers,36669,25816.0,sa3010329,ATH,C,$7.58,$7.00,$3,$14,$2.80,100.0
232,Coby Mayo,38378,28312.0,sa3014479,BAL,1B,$7.58,$7.00,$5,$13,$4.30,79.167
233,Ryan McMahon,18328,15112.0,sa737539,NYY,3B,$7.57,$8.50,$3,$16,$3.70,58.333
234,Josh Lowe,23752,19953.0,sa917926,LAA,OF,$7.50,$7.50,$5,$10,$8.40,33.333
235,Joey Ortiz,36743,25493.0,sa3009889,MIL,SS,$7.50,$7.50,$5,$10,$2.40,8.333
236,Samuel Basallo,39288,28824.0,sa3015716,BAL,C/1B,$7.46,$7.00,$3,$12,$4.40,100.0
237,Yusei Kikuchi,33656,20633.0,,LAA,SP,$7.42,$7.00,$5,$11,$4.00,50.0
238,Jacob Wilson,44003,33266.0,sa3022538,ATH,SS,$7.42,$6.00,$3,$18,$3.60,100.0
239,Kyle Stowers,37480,26151.0,sa1115829,MIA ST,OF,$7.42,$6.50,$3,$15,$5.70,100.0
240,Matt Wallner,37174,26466.0,sa918808,MIN,OF,$7.41,$7.00,$5,$16,$4.80,91.667
241,Mitch Keller,20936,17594.0,sa828700,PIT,SP,$7.35,$7.50,$3,$11,$2.90,83.333
242,Orion Kerkering,42666,31776.0,sa3020593,PHI,RP,$7.31,$7.00,$5,$11,$3.80,54.167
243,A.J. Puk,23660,19343.0,sa738675,ARI,RP,$7.29,$7.00,$5,$10,$2.30,29.167
244,Jonathan Aranda,33217,21837.0,sa919293,TBR,1B,$7.26,$7.00,$4,$12,$4.40,95.833
245,Noelvi Marte,36030,26517.0,sa3008745,CIN,3B/OF,$7.21,$7.00,$3,$17,$7.20,100.0
246,Kyle Manzardo,40508,29794.0,sa3017342,CLE,1B,$7.21,$7.00,$4,$11,$5.10,100.0
247,Jo Adell,23792,20220.0,sa3004837,LAA,OF,$7.21,$7.00,$3,$15,$5.80,100.0
248,Colson Montgomery,40262,29712.0,sa3017170,CHW,SS/3B,$7.13,$6.50,$3,$12,$4.90,100.0
249,Marcelo Mayer,40095,29668.0,sa3017114,BOS,2B/SS/3B,$7.09,$7.00,$4,$11,$3.10,95.833
250,Spencer Arrighetti,40615,29921.0,sa3017537,HOU,SP,$7.08,$7.00,$5,$11,$4.40,50.0
251,Tommy Edman,31703,19470.0,sa873704,LAD,2B/3B/OF,$7.08,$6.50,$3,$15,$3.70,50.0
252,Trey Yesavage,45790,35456.0,sa3045705,TOR,SP/RP,$7.04,$7.00,$3,$10,$2.30,100.0
253,Kyle Bradish,35874,24586.0,sa3008605,BAL,SP,$7.04,$7.50,$3,$12,$3.30,100.0
254,Felix Bautista,19242,20666.0,sa737480,BAL,RP,$7.00,$7.00,$4,$9,$4.30,29.167
255,Taylor Rogers,23675,13449.0,sa503168,MIN,RP,$7.00,$7.00,$7,$7,$1.60,4.167
256,Zach Dezenzo,42408,31562.0,sa3020209,HOU ST,OF,$7.00,$7.00,$7,$7,$2.40,4.167
257,Druw Jones,42105,,sa3020676,ARI A+,OF,$7.00,$7.00,$7,$7,$2.40,4.167
258,Charlie Morton,1427,4676.0,sa202429,FA,SP/RP,$7.00,$6.00,$3,$13,$1.60,16.667
259,Eduardo Rodriguez,13335,13164.0,sa548722,ARI,SP,$7.00,$7.00,$7,$7,$1.70,4.167
260,Jakob Junis,23787,13619.0,sa602414,TEX,RP,$7.00,$7.00,$7,$7,$2.20,4.167
261,Michael Conforto,18365,16376.0,sa709038,FA,OF,$7.00,$6.00,$5,$12,$2.80,20.833
262,Jac Caglianone,45720,35041.0,sa3025245,KCR,1B/OF,$7.00,$7.00,$3,$11,$4.10,100.0
263,Porter Hodge,37975,26413.0,sa3011729,CHC,RP,$7.00,$7.00,$7,$7,$2.40,4.167
264,Alexis Diaz,22926,21132.0,sa875576,TEX ST,RP,$7.00,$7.00,$3,$11,$2.40,8.333
265,Masyn Winn,38404,27479.0,sa3014506,STL,SS,$6.94,$7.00,$5,$10,$2.30,70.833
266,Brayan Bello,33767,23920.0,sa3005436,BOS,SP,$6.90,$7.00,$3,$13,$2.80,87.5
267,Lucas Erceg,23656,19360.0,sa872722,KCR,RP,$6.89,$7.00,$3,$13,$3.40,37.5
268,Nathaniel Lowe,32765,19566.0,sa918283,FA,1B,$6.88,$4.50,$3,$15,$3.70,33.333
269,Jose Berrios,18201,14168.0,sa657852,TOR,SP,$6.87,$5.00,$3,$19,$3.20,62.5
270,Sean Murphy,31687,19352.0,sa873680,ATL,C,$6.79,$7.00,$3,$13,$3.10,58.333
271,Tanner Houck,23811,19879.0,sa829037,BOS ST,SP,$6.75,$4.50,$4,$14,$2.50,16.667
272,Luis Gil,23373,21052.0,sa877821,NYY,SP,$6.74,$6.00,$4,$11,$3.50,95.833
273,Brice Turang,33634,22186.0,sa3008294,MIL,2B,$6.71,$6.50,$3,$14,$4.30,100.0
274,Bubba Chandler,40564,29868.0,sa3017428,PIT,SP/RP,$6.71,$7.00,$3,$13,$4.30,100.0
275,Ronny Mauricio,33640,23698.0,sa3006887,NYM,2B/3B,$6.67,$5.50,$4,$12,$4.10,25.0
276,Jose Soriano,32009,22100.0,sa916702,LAA,SP,$6.67,$6.00,$3,$12,$4.30,75.0
277,Ivan Herrera,26099,20599.0,sa3003191,STL,C,$6.67,$6.00,$3,$13,$5.60,100.0
278,Jeremiah Estrada,27208,22210.0,sa3005339,SDP,RP,$6.67,$6.50,$5,$10,$4.50,75.0
279,Noah Cameron,40937,30184.0,sa3018097,KCR,SP,$6.65,$6.00,$3,$15,$5.00,95.833
280,Drake Baldwin,42221,31539.0,sa3019920,ATL,C,$6.63,$6.00,$3,$14,$3.20,100.0
281,Clarke Schmidt,33679,19899.0,sa3007582,NYY,SP,$6.63,$5.50,$4,$13,$2.80,33.333
282,Kristian Campbell,44308,33644.0,sa3023011,BOS ST,1B/2B/OF,$6.61,$6.00,$4,$12,$4.80,95.833
283,Jacob Lopez,35696,25098.0,sa3008338,ATH,SP,$6.60,$6.50,$3,$13,$5.10,41.667
284,Ben Rice,40255,29576.0,sa3016974,NYY,C/1B,$6.58,$6.50,$3,$10,$3.30,100.0
285,Dustin May,32611,19716.0,sa917992,STL,SP,$6.56,$6.00,$5,$9,$4.30,37.5
286,Spencer Horwitz,37091,26477.0,sa1115496,PIT,1B,$6.55,$7.00,$4,$10,$4.20,45.833
287,Jeff Hoffman,18364,17432.0,sa709602,TOR,RP,$6.55,$6.00,$4,$10,$2.60,45.833
288,Cam Smith,45714,35108.0,sa3025358,HOU,OF,$6.54,$5.00,$3,$17,$5.30,100.0
289,Starling Marte,5025,9241.0,sa503030,FA,OF,$6.50,$6.50,$4,$9,$1.40,8.333
290,Erick Fedde,18534,17425.0,sa599293,FA,SP/RP,$6.50,$6.50,$5,$8,$2.20,8.333
291,Chris Paddack,22766,20099.0,sa875195,FA,SP/RP,$6.50,$6.50,$3,$10,$1.60,8.333
292,Christian Encarnacion-Strand,40748,30011.0,sa3017756,CIN ST,1B/3B,$6.50,$7.00,$5,$7,$2.90,16.667
293,Geraldo Perdomo,26198,22799.0,sa3003290,ARI,SS,$6.50,$6.00,$3,$12,$3.40,100.0
294,Lane Thomas,21041,16939.0,sa828962,KCR ST,OF,$6.50,$6.50,$6,$7,$2.70,8.333
295,Jeffrey Springs,23144,17677.0,sa876019,ATH,SP,$6.45,$6.00,$5,$9,$2.80,45.833
296,Robert Suarez,22078,30115.0,sa869798,ATL,RP,$6.39,$6.00,$3,$11,$4.40,95.833
297,Camilo Doval,32051,21992.0,sa916835,NYY,RP,$6.35,$5.00,$3,$15,$3.00,70.833
298,Ceddanne Rafaela,33907,24262.0,sa3005581,BOS,2B/OF,$6.33,$7.00,$3,$8,$4.30,87.5
299,Ryan Mountcastle,22670,18373.0,sa874734,BAL,1B,$6.33,$4.50,$3,$14,$2.20,25.0
300,Luis García Jr.,33548,20391.0,sa962605,WSN,2B,$6.27,$5.00,$4,$12,$3.50,62.5
301,Cade Smith,38754,27867.0,sa3015086,CLE,RP,$6.26,$6.00,$5,$11,$2.10,95.833
302,Christian Moore,45708,34979.0,sa3025168,LAA,2B,$6.25,$6.00,$3,$11,$4.10,50.0
303,Giancarlo Stanton,5201,4949.0,sa390316,NYY,OF,$6.25,$4.50,$3,$12,$3.70,100.0
304,Jesus Sanchez,22331,19913.0,sa872787,HOU,OF,$6.21,$6.00,$3,$11,$2.90,58.333
305,Alec Burleson,38368,27615.0,sa3014466,STL,1B/OF,$6.17,$5.00,$4,$10,$4.50,100.0
306,Sean Manaea,18257,15873.0,sa709610,NYM,SP,$6.14,$6.00,$4,$8,$3.30,58.333
307,Luke Raley,32655,19354.0,sa918048,SEA,1B/OF,$6.14,$7.00,$3,$9,$3.70,29.167
308,Connor Norby,40284,29592.0,sa3017019,MIA,3B,$6.14,$6.00,$4,$10,$3.30,29.167
309,TJ Friedl,23788,19522.0,sa943754,CIN,OF,$6.14,$5.50,$3,$11,$2.70,91.667
310,Ian Seymour,38409,27932.0,sa3014512,TBR,SP/RP,$6.13,$4.00,$3,$19,$5.30,66.667
311,Griffin Jax,31438,20253.0,sa738570,TBR,RP,$6.11,$6.00,$5,$9,$4.70,75.0
312,Xavier Edwards,33645,22266.0,sa3007018,MIA,2B/SS,$6.11,$5.00,$3,$12,$3.00,79.167
313,Merrill Kelly,17763,11156.0,sa552177,ARI,SP,$6.09,$5.50,$3,$15,$2.30,91.667
314,Bryce Eldridge,44147,33390.0,sa3022757,SFG,1B,$6.09,$6.00,$3,$13,$3.60,95.833
315,Trevor Story,18153,12564.0,sa597765,BOS,SS,$6.08,$6.00,$3,$11,$3.10,100.0
316,Willi Castro,21708,17338.0,sa830274,COL,2B/3B/OF,$6.08,$5.00,$5,$11,$4.20,50.0
317,Nico Hoerner,33627,21479.0,sa3007867,CHC,2B,$6.05,$5.00,$3,$13,$2.90,91.667
318,Ryan Pressly,5735,7005.0,sa390190,FA,RP,$6.00,$6.00,$6,$6,$2.30,4.167
319,Jake Cronenworth,22004,18036.0,sa857694,SDP,1B/2B/SS,$6.00,$6.00,$5,$8,$3.70,79.167
320,Stephen Kolek,35475,21487.0,sa3007990,KCR,SP,$6.00,$6.00,$3,$9,$2.75,8.333
321,Ben Brown,27074,23590.0,sa3005122,CHC ST,SP/RP,$6.00,$6.00,$4,$9,$2.10,37.5
322,Ryan Walker,35205,20423.0,sa3007594,SFG,RP,$6.00,$5.00,$4,$11,$3.30,54.167
323,Daniel Schneemann,34843,25180.0,sa3006936,CLE,2B/SS/3B/OF,$6.00,$5.50,$4,$10,$2.60,25.0
324,Joc Pederson,14895,11899.0,sa549081,TEX,Util,$6.00,$5.00,$5,$8,$2.40,12.5
325,Hurston Waldrep,43879,33527.0,sa3022942,ATL,SP,$6.00,$5.50,$3,$13,$5.80,100.0
326,Dalton Rushing,42193,31382.0,sa3019892,LAD,C,$6.00,$5.00,$3,$12,$3.60,79.167
327,Hunter Goodman,40389,29715.0,sa3017173,COL,C,$5.96,$5.50,$3,$9,$3.10,100.0
328,Jakob Marsee,42169,31370.0,sa3019868,MIA,OF,$5.96,$5.50,$3,$14,$4.40,100.0
329,Trevor Megill,20989,17722.0,sa828803,MIL,RP,$5.95,$5.00,$3,$11,$2.90,79.167
330,Braxton Ashcraft,35776,23793.0,sa3008470,PIT,SP/RP,$5.94,$5.00,$3,$11,$4.60,70.833
331,Michael Wacha,18171,14078.0,sa621625,KCR,SP,$5.90,$6.00,$3,$9,$2.40,87.5
332,JJ Bleday,37797,26368.0,sa3011642,CIN,OF,$5.88,$5.50,$3,$11,$3.00,33.333
333,Jurickson Profar,13702,10815.0,sa549315,ATL,OF,$5.88,$5.50,$3,$10,$4.30,100.0
334,Ethan Holliday,47552,,sa3069100,COL A,Util,$5.87,$5.00,$2,$13,$4.70,62.5
335,Pete Fairbanks,20435,17998.0,sa827454,MIA,RP,$5.84,$5.00,$3,$10,$3.30,79.167
336,Reynaldo Lopez,18415,16400.0,sa696415,ATL,RP,$5.83,$6.00,$3,$8,$2.30,75.0
337,Brenton Doyle,36803,25479.0,sa3009965,COL,OF,$5.83,$6.00,$3,$10,$2.90,75.0
338,Hayden Birdsong,42552,31635.0,sa3020409,SFG ST,SP/RP,$5.83,$5.50,$5,$8,$3.80,25.0
339,Matt Shaw,43966,33322.0,sa3022615,CHC,3B,$5.83,$6.00,$4,$9,$3.40,95.833
340,Warming Bernabel,36045,26536.0,sa3008761,WSN,1B/3B,$5.80,$5.00,$3,$9,$2.30,20.833
341,Parker Messick,42765,31986.0,sa3020748,CLE,SP,$5.76,$5.00,$3,$13,$4.30,87.5
342,Spencer Torkelson,38320,27465.0,sa3014504,DET,1B,$5.75,$5.50,$3,$11,$4.10,100.0
343,Andy Pages,33949,24816.0,sa3005625,LAD,OF,$5.75,$6.00,$3,$9,$2.70,100.0
344,Gavin Lux,32576,19955.0,sa917933,TBR,2B/3B/OF,$5.75,$5.50,$3,$10,$4.00,50.0
345,Evan Phillips,30979,17734.0,sa658921,FA,RP,$5.75,$4.00,$4,$11,$2.50,16.667
346,Payton Tolle,46310,35466.0,sa3043900,BOS,SP/RP,$5.73,$5.00,$3,$15,$9.20,62.5
347,Brandon Walter,37401,26056.0,sa3010826,HOU,SP/RP,$5.71,$4.00,$3,$17,$2.00,29.167
348,Ronel Blanco,33194,19407.0,sa919082,HOU,SP,$5.71,$6.00,$3,$9,$2.00,29.167
349,Kirby Yates,6175,9073.0,sa505235,LAA,RP,$5.71,$6.00,$4,$8,$2.10,29.167
350,Edward Cabrera,33325,21690.0,sa920423,CHC,SP,$5.71,$5.00,$3,$13,$4.20,100.0
351,Jordan Romano,21170,16122.0,sa829155,LAA,RP,$5.67,$3.00,$3,$11,$1.70,12.5
352,Austin Wells,38317,27562.0,sa3014440,NYY,C,$5.67,$5.00,$3,$9,$4.20,62.5
353,Aiva Arquette,47548,,sa3026235,MIA A+,SS,$5.67,$6.00,$2,$9,$3.14,12.5
354,Trevor Larnach,33622,21501.0,sa3008376,MIN,OF,$5.64,$6.00,$3,$8,$3.40,45.833
355,Andrew Painter,40829,30091.0,sa3017880,PHI ST,SP,$5.63,$5.50,$3,$8,$2.10,100.0
356,Chase Dollander,44512,33482.0,sa3023361,COL,SP,$5.63,$5.50,$4,$8,$2.50,33.333
357,Trevor Rogers,33607,22286.0,sa3005423,BAL,SP,$5.63,$4.50,$3,$13,$3.90,100.0
358,Jack Leiter,40155,30146.0,sa3018053,TEX,SP,$5.63,$5.50,$3,$13,$4.40,100.0
359,Luis Severino,18355,15890.0,sa657781,ATH,SP,$5.63,$5.00,$3,$8,$2.50,33.333
360,Andrew Vaughn,37469,26197.0,sa3011226,MIL,1B,$5.60,$6.00,$3,$11,$4.80,83.333
361,Cedric Mullins,22616,17929.0,sa873639,TBR,OF,$5.57,$5.00,$3,$14,$3.00,58.333
362,Ryan O'Hearn,21156,16442.0,sa829141,PIT,1B/OF,$5.57,$5.00,$3,$10,$2.10,95.833
363,Ryan Weathers,33670,23796.0,sa3008436,NYY,SP,$5.55,$5.00,$3,$11,$3.90,83.333
364,Aroldis Chapman,5644,10233.0,sa523977,BOS,RP,$5.54,$5.50,$3,$10,$1.90,100.0
365,Matt Strahm,23691,13799.0,sa658557,KCR,RP,$5.53,$5.00,$3,$9,$2.40,62.5
366,Jordan Beck,42277,31431.0,sa3019981,COL,OF,$5.52,$6.00,$3,$8,$4.80,87.5
367,Jonah Tong,43841,32157.0,sa3022324,NYM,SP,$5.52,$6.00,$3,$10,$3.60,95.833
368,Yimi Garcia,10429,12095.0,sa506959,TOR,RP,$5.50,$5.50,$5,$6,$2.00,8.333
369,Daylen Lile,40714,29995.0,sa3017698,WSN,OF,$5.50,$5.00,$3,$12,$4.30,75.0
370,Rhett Lowder,43895,33876.0,sa3023360,CIN ST,SP/RP,$5.50,$5.00,$3,$9,$4.00,58.333
371,Luisangel Acuna,36048,26548.0,sa3008765,CHW,2B,$5.50,$4.50,$3,$10,$2.70,16.667
372,Justin Martinez,34132,24453.0,sa3005864,ARI,RP,$5.50,$5.50,$5,$6,$2.20,8.333
373,Luis Rengifo,20291,19858.0,sa826671,FA,2B/3B/OF,$5.50,$5.50,$4,$7,$2.50,8.333
374,Cade Horton,42719,31872.0,sa3020860,CHC,SP,$5.50,$6.00,$3,$9,$2.80,100.0
375,Luis Morales,43275,32227.0,sa3021487,ATH,SP/RP,$5.50,$6.00,$3,$11,$2.80,58.333
376,Brooks Lee,42146,31595.0,sa3019973,MIN,2B/SS/3B,$5.48,$6.00,$3,$9,$2.30,95.833
377,Carlos Estevez,23613,14542.0,sa598491,KCR,RP,$5.47,$5.00,$3,$9,$1.60,79.167
378,Luke Keaschall,44057,33321.0,sa3022614,MIN,2B,$5.46,$5.00,$3,$11,$4.00,100.0
379,Jesse Winker,18239,13590.0,sa657865,NYM AAA,Util,$5.40,$4.00,$3,$9,$2.00,20.833
380,Walker Jenkins,43988,,sa3022894,MIN AAA,OF,$5.38,$5.00,$2,$13,$3.80,100.0
381,Sal Stewart,42358,31505.0,sa3020130,CIN,1B/3B,$5.38,$4.50,$3,$13,$4.00,100.0
382,Joey Bart,33613,21524.0,sa3007786,PIT,C,$5.33,$5.00,$4,$7,$1.90,12.5
383,Carter Jensen,40505,29478.0,sa3017339,KCR,C,$5.33,$5.00,$3,$9,$3.80,62.5
384,Zack Gelof,40456,29766.0,sa3017286,ATH,2B,$5.33,$5.50,$3,$7,$2.40,25.0
385,Kade Anderson,47553,,sa3026056,,Util,$5.32,$5.00,$2,$13,$3.90,79.167
386,Agustin Ramirez,36325,26546.0,sa3009276,MIA,C,$5.29,$5.00,$3,$10,$4.20,100.0
387,Kenley Jansen,2916,3096.0,sa295200,DET,RP,$5.28,$4.00,$3,$13,$1.50,75.0
388,Dylan Beavers,42279,31695.0,sa3019983,BAL,OF,$5.27,$4.00,$3,$14,$2.60,91.667
389,David Bednar,31951,19569.0,sa915715,NYY,RP,$5.26,$5.00,$3,$12,$2.90,95.833
390,Liam Doyle,47533,,sa3030545,STL AA,SP,$5.25,$4.50,$2,$14,$2.80,83.333
391,Jace Jung,42179,31437.0,sa3019992,DET,2B/3B,$5.25,$5.50,$3,$7,$2.50,16.667
392,Cade Povich,40771,30055.0,sa3017787,BAL,SP,$5.25,$5.00,$3,$8,$1.30,16.667
393,Hyeseong Kim,46089,35322.0,sa3012639,LAD,2B/SS/OF,$5.22,$5.00,$3,$11,$3.20,37.5
394,Jaxon Wiggins,44703,,sa3023635,CHC AAA,SP,$5.20,$4.00,$2,$12,$2.80,20.833
395,Eric Lauer,23696,19316.0,sa738156,TOR,SP/RP,$5.20,$5.00,$3,$8,$2.40,20.833
396,Michael Kopech,18493,17282.0,sa828680,FA,RP,$5.20,$4.00,$3,$11,$1.50,20.833
397,Yoan Moncada,18425,17232.0,sa864590,LAA,3B,$5.14,$5.00,$3,$8,$2.40,29.167
398,Quinn Priester,36682,25977.0,sa3011297,MIL,SP/RP,$5.14,$4.00,$3,$12,$3.10,87.5
399,Nolan Gorman,33623,22263.0,sa3007017,STL,2B/3B,$5.14,$6.00,$3,$7,$3.90,29.167
400,Gabriel Moreno,26134,22664.0,sa3003226,ARI,C,$5.13,$4.00,$3,$10,$2.40,62.5
401,Brandon Sproat,44534,33850.0,sa3023499,MIL,SP/RP,$5.10,$4.00,$3,$12,$2.90,83.333
402,Kyle Harrison,38410,27758.0,sa3014513,BOS,SP/RP,$5.08,$5.00,$3,$9,$3.60,54.167
403,Chase DeLauter,42176,32127.0,sa3021053,CLE ST,OF,$5.05,$5.00,$3,$10,$3.20,91.667
404,Ty Madden,40964,30140.0,sa3018141,DET ST,RP,$5.00,$5.00,$5,$5,$1.00,4.167
405,Jeremiah Jackson,35299,22239.0,sa3007740,BAL,SS/3B/OF,$5.00,$5.00,$3,$7,$4.20,33.333
406,Tobias Myers,23850,22191.0,sa918088,NYM,SP/RP,$5.00,$5.00,$5,$5,$2.70,20.833
407,Nestor Cortes,19816,17874.0,sa738684,FA,SP,$5.00,$5.00,$5,$5,$2.60,8.333
408,Luis Mey,36900,25620.0,sa3010130,CIN ST,RP,$5.00,$5.00,$5,$5,$1.80,4.167
409,Casey Mize,33616,20492.0,sa3008444,DET,SP,$5.00,$5.00,$3,$10,$2.90,79.167
410,Ralphy Velazquez,44310,,sa3023013,CLE AA,1B,$5.00,$5.00,$5,$5,$3.33,4.167
411,Trevor Williams,18608,16977.0,sa708217,WSN,SP,$5.00,$5.00,$5,$5,$1.50,4.167
412,Max Scherzer,4514,3137.0,sa326473,FA,SP,$5.00,$4.50,$3,$8,$3.00,41.667
413,Brandon Marsh,23868,20202.0,sa917944,PHI,OF,$5.00,$5.00,$3,$8,$2.40,66.667
414,J.T. Ginn,38339,27889.0,sa3014428,ATH,SP/RP,$5.00,$4.00,$3,$8,$2.10,12.5
415,Kris Bubic,35566,21455.0,sa3008128,KCR,SP,$5.00,$5.00,$3,$8,$3.30,100.0
416,Justyn-Henry Malloy,40311,29606.0,sa3017073,TBR,1B/OF,$5.00,$5.00,$5,$5,$2.10,4.167
417,Gabriel Arias,26408,22563.0,sa3004047,CLE,2B/SS,$5.00,$6.00,$3,$6,$2.00,12.5
418,Carson Benge,45947,,sa3025452,NYM AAA,OF,$5.00,$5.00,$2,$12,$3.40,91.667
419,Jason Delay,31598,19806.0,sa857222,BOS AAA,C,$5.00,$5.00,$5,$5,$1.00,4.167
420,Andrew Abbott,40607,29911.0,sa3017529,CIN,SP,$5.00,$4.50,$3,$10,$2.70,100.0
421,James McArthur,35274,21527.0,sa3007715,KCR,RP,$5.00,$5.00,$5,$5,$1.70,4.167
422,Bryan Hudson,22701,19924.0,sa874984,CHW,RP,$5.00,$5.00,$5,$5,$1.70,4.167
423,Grant Holmes,18375,16944.0,sa828669,ATL,SP,$5.00,$5.00,$3,$8,$3.60,45.833
424,Randy Rodriguez,34389,23974.0,sa3006366,SFG,RP,$5.00,$5.00,$3,$8,$2.60,20.833
425,David Festa,40772,30056.0,sa3017788,MIN ST,SP,$5.00,$4.50,$3,$8,$2.70,41.667
426,Mick Abel,38330,27756.0,sa3014534,MIN,SP,$5.00,$4.50,$3,$10,$4.80,50.0
427,Andres Gimenez,23705,19950.0,sa917114,TOR,2B/SS,$5.00,$3.50,$3,$12,$2.30,25.0
428,AJ Smith-Shawver,40707,29960.0,sa3017690,ATL,SP,$5.00,$5.00,$3,$8,$2.90,50.0
429,Matthew Liberatore,33611,22294.0,sa3008163,STL,SP/RP,$5.00,$5.00,$3,$8,$3.40,50.0
430,JJ Wetherholt,45713,,sa3025154,STL AAA,2B/SS,$5.00,$4.50,$2,$11,$2.80,100.0
431,Connor Wong,31713,19896.0,sa873978,BOS,C,$5.00,$5.00,$5,$5,$2.10,4.167
432,Tyler Holton,37674,26231.0,sa3011295,DET,SP/RP,$5.00,$4.00,$3,$8,$2.00,12.5
433,Max Muncy,40460,29779.0,sa3017290,ATH,2B/SS/3B,$5.00,$5.00,$3,$7,$1.80,8.333
434,Thairo Estrada,19982,16426.0,sa739620,FA,2B,$5.00,$5.00,$3,$7,$1.70,12.5
435,Joey Cantillo,27148,23335.0,sa3005246,CLE,SP/RP,$5.00,$5.00,$3,$9,$3.10,70.833
436,Jake Fraley,31623,19260.0,sa857756,TBR,OF,$5.00,$5.00,$5,$5,$2.50,4.167
437,Addison Barger,34817,24598.0,sa3006910,TOR,3B/OF,$4.96,$4.00,$3,$9,$2.00,100.0
438,Hunter Gaddis,37239,25636.0,sa3010621,CLE,RP,$4.93,$5.00,$3,$8,$1.20,62.5
439,Luke Weaver,18380,16918.0,sa599729,NYM,RP,$4.93,$5.00,$3,$7,$3.00,62.5
440,Ryan Jeffers,33652,24618.0,sa3007051,MIN,C,$4.93,$5.00,$3,$11,$1.90,58.333
441,Brady House,40261,29993.0,sa3017694,WSN,3B,$4.90,$4.50,$3,$8,$2.30,41.667
442,Jhostynxon Garcia,39099,28142.0,sa3015523,PIT ST,OF,$4.89,$4.00,$4,$8,$3.80,37.5
443,Cade Cavalli,38334,27473.0,sa3014421,WSN,SP,$4.88,$4.00,$3,$11,$3.80,70.833
444,Jorge Polanco,13217,13152.0,sa548087,NYM,2B/3B,$4.87,$4.00,$3,$12,$2.80,95.833
445,Zebby Matthews,42653,31827.0,sa3020570,MIN,SP,$4.87,$4.00,$3,$9,$3.00,95.833
446,Josh Smith,37960,26396.0,sa3011703,TEX,1B/SS/3B/OF,$4.87,$5.00,$3,$7,$2.10,62.5
447,Logan Henderson,42312,31475.0,sa3020080,MIL,SP,$4.86,$3.00,$3,$13,$5.20,87.5
448,Tyler Freeman,26882,22532.0,sa3004755,COL,2B/OF,$4.86,$5.00,$3,$7,$2.20,29.167
449,Brady Singer,33620,25377.0,sa3008613,CIN,SP,$4.81,$4.00,$3,$13,$1.60,87.5
450,Shelby Miller,6289,10197.0,sa500730,FA,RP,$4.80,$4.00,$3,$7,$1.50,20.833
451,Sebastian Walcott,42991,,sa3021069,TEX AA,SS,$4.79,$4.50,$2,$12,$3.50,100.0
452,Javier Baez,18123,12979.0,sa597757,DET,2B/SS/3B/OF,$4.78,$4.00,$3,$7,$3.00,37.5
453,Matthew Boyd,18465,15440.0,sa621603,CHC,SP,$4.76,$5.00,$3,$7,$2.50,87.5
454,Michael Toglia,37072,25845.0,sa3010393,CIN AAA,1B,$4.75,$5.00,$4,$5,$3.80,16.667
455,Alan Roden,42410,31564.0,sa3020212,MIN,OF,$4.75,$5.00,$3,$6,$1.40,16.667
456,Yennier Cano,37946,25911.0,sa3011688,BAL,RP,$4.75,$3.50,$3,$9,$1.70,16.667
457,Brett Baty,37181,26123.0,sa3010869,NYM,2B/3B,$4.75,$5.00,$3,$8,$2.80,100.0
458,Tony Gonsolin,32712,19388.0,sa918175,FA,SP,$4.75,$5.00,$3,$6,$2.20,16.667
459,Daniel Palencia,38781,27914.0,sa3015122,CHC,RP,$4.71,$5.00,$3,$8,$3.00,58.333
460,Ramon Laureano,21200,17128.0,sa829185,SDP,OF,$4.71,$3.00,$3,$12,$3.20,100.0
461,Wenceel Perez,26234,22857.0,sa3003326,DET,OF,$4.67,$3.00,$3,$9,$1.70,37.5
462,Jose Quintana,10626,11423.0,sa505541,FA,SP,$4.67,$4.00,$3,$7,$1.40,12.5
463,Max Kepler,14131,12144.0,sa549507,FA,OF,$4.67,$4.00,$3,$7,$2.60,12.5
464,Pavin Smith,23808,19892.0,sa829595,ARI,1B,$4.67,$5.00,$3,$7,$1.90,25.0
465,Alex Vesia,35532,25007.0,sa3008070,LAD,RP,$4.67,$5.00,$3,$7,$2.30,50.0
466,Carson Williams,40266,30038.0,sa3017795,TBR,SS,$4.65,$4.00,$3,$7,$2.10,83.333
467,Kyle Teel,43949,33549.0,sa3022886,CHW,C,$4.63,$4.50,$3,$8,$2.60,100.0
468,Edwin Uceta,33395,20539.0,sa921576,TBR,RP,$4.60,$5.00,$3,$6,$2.80,41.667
469,Parker Meadows,35450,23800.0,sa3007943,DET,OF,$4.60,$5.00,$3,$6,$3.10,20.833
470,Nick Martinez,18449,12730.0,sa599574,FA,SP/RP,$4.60,$5.00,$3,$7,$1.80,20.833
471,Owen Caissie,38367,27496.0,sa3014465,MIA,OF,$4.60,$4.00,$3,$8,$2.60,83.333
472,Max Clark,43893,,sa3022683,DET AA,OF,$4.58,$4.00,$2,$12,$2.60,100.0
473,Kyle Finnegan,18619,15009.0,sa708446,DET,RP,$4.56,$3.00,$3,$9,$1.60,37.5
474,Chris Bassitt,18398,12304.0,sa598294,FA,SP,$4.56,$4.00,$3,$8,$3.70,37.5
475,Jett Williams,42175,,sa3020134,MIL AAA,2B/SS/OF,$4.53,$4.00,$2,$10,$2.90,62.5
476,Kevin Ginkel,31509,19876.0,sa829213,ARI,RP,$4.50,$4.50,$3,$6,$1.50,8.333
477,Otto Kemp,42659,31792.0,sa3020577,PHI,1B/3B/OF,$4.50,$4.00,$3,$7,$2.50,25.0
478,Moises Ballesteros,39285,28820.0,sa3015713,CHC,C,$4.50,$4.00,$3,$7,$1.90,83.333
479,Zac Veen,38313,27770.0,sa3014516,COL ST,OF,$4.50,$4.50,$3,$6,$3.20,8.333
480,Christian Scott,40870,30107.0,sa3017948,NYM,RP,$4.50,$4.50,$3,$7,$1.50,25.0
481,Carson Whisenhunt,42627,31676.0,sa3020529,SFG ST,SP,$4.50,$4.50,$3,$6,$1.90,16.667
482,Maikel Garcia,26154,22715.0,sa3003246,KCR,2B/SS/3B/OF,$4.50,$4.00,$3,$9,$1.90,100.0
483,Ben Joyce,42310,31461.0,sa3020078,LAA,RP,$4.50,$4.50,$3,$6,$1.90,16.667
484,Bennett Sousa,35941,21345.0,sa913181,HOU,RP,$4.50,$4.50,$3,$6,$1.90,16.667
485,Lance McCullers Jr.,18228,14120.0,sa657858,HOU,SP,$4.50,$4.50,$3,$6,$2.80,8.333
486,Kevin Alcantara,33677,25971.0,sa3008752,CHC,OF,$4.50,$5.00,$3,$5,$2.20,25.0
487,Konnor Griffin,45769,,sa3065496,PIT AA,SS,$4.50,$4.50,$2,$12,$2.60,100.0
488,Didier Fuentes,41452,30661.0,sa3018841,ATL ST,SP/RP,$4.50,$4.50,$4,$5,$2.50,16.667
489,Tyler Mahle,19422,16358.0,sa737914,SFG,SP,$4.47,$4.00,$3,$9,$2.90,70.833
490,Abner Uribe,35602,25327.0,sa3008177,MIL,RP,$4.46,$4.00,$3,$8,$3.00,100.0
491,Chase Meidroth,42304,31580.0,sa3020011,CHW,2B/SS,$4.44,$3.00,$3,$11,$2.50,37.5
492,Nolan Schanuel,43932,33189.0,sa3022430,LAA,1B,$4.44,$4.00,$3,$8,$1.80,75.0
493,Will Warren,40972,30182.0,sa3018149,NYY,SP,$4.44,$3.50,$3,$8,$3.30,75.0
494,Grant Taylor,44544,33927.0,sa3023634,CHW,SP/RP,$4.44,$4.50,$3,$7,$2.60,66.667
495,Daulton Varsho,23833,19918.0,sa3002838,TOR,OF,$4.43,$3.00,$3,$10,$2.40,87.5
496,Zach McKinstry,33147,19392.0,sa918920,DET,SS/3B/OF,$4.42,$4.00,$3,$8,$2.60,79.167
497,Kevin McGonigle,44223,,sa3022895,DET AA,SS,$4.42,$4.00,$2,$8,$3.60,100.0
498,Ha-seong Kim,38127,27506.0,sa3011918,ATL,2B/SS,$4.40,$3.00,$3,$7,$2.50,20.833
499,Sal Frelick,40298,29622.0,sa3017047,MIL,OF,$4.39,$3.00,$3,$9,$2.40,95.833
500,Shane Smith,42592,31687.0,sa3020469,CHW,SP,$4.39,$4.00,$3,$10,$1.60,75.0
501,Emmet Sheehan,40552,29839.0,sa3017416,LAD,SP,$4.38,$4.00,$3,$9,$1.90,100.0
502,Bryce Elder,38412,27779.0,sa3014515,ATL,SP,$4.33,$3.00,$3,$7,$1.50,12.5
503,Clayton Kershaw,2925,2036.0,sa326468,FA,SP,$4.33,$4.00,$3,$6,$2.10,12.5
504,Mark Leiter Jr.,19574,15551.0,sa738283,ATH,RP,$4.33,$3.00,$3,$7,$1.30,12.5
505,Keegan Akin,31714,19362.0,sa873980,BAL,RP,$4.33,$3.00,$3,$7,$1.80,12.5
506,Orelvis Martinez,33667,25967.0,sa3010692,WSN AAA,2B,$4.33,$3.00,$3,$7,$1.90,12.5
507,Andrew McCutchen,3435,9847.0,sa290131,FA,OF,$4.33,$4.50,$3,$6,$1.40,25.0
508,Trent Grisham,18547,18564.0,sa874246,NYY,OF,$4.33,$4.00,$3,$8,$3.30,100.0
509,Justin Slaten,37007,25648.0,sa3010309,BOS,RP,$4.33,$5.00,$3,$5,$1.40,12.5
510,Robert Garcia,31984,23363.0,sa915840,TEX,RP,$4.33,$4.00,$3,$7,$1.20,37.5
511,Ben Casparius,40834,30085.0,sa3017886,LAD ST,RP,$4.33,$4.00,$3,$7,$2.00,37.5
512,Troy Melton,42712,31807.0,sa3020652,DET,SP/RP,$4.32,$3.00,$3,$11,$2.80,79.167
513,Isaac Collins,36738,25477.0,sa3009884,KCR,OF,$4.31,$3.50,$3,$7,$3.60,66.667
514,Matt Brash,37234,25756.0,sa3010616,SEA,RP,$4.29,$4.00,$3,$7,$2.30,87.5
515,Rhys Hoskins,20350,16472.0,sa827179,FA,1B,$4.29,$4.00,$3,$7,$3.20,29.167
516,Mickey Moniak,23639,19956.0,sa917920,COL,OF,$4.27,$4.00,$3,$8,$2.80,91.667
517,Will Vest,26446,19769.0,sa3004101,DET,RP,$4.25,$4.00,$3,$7,$2.10,50.0
518,Jeff Mcneil,18644,15362.0,sa709024,ATH,2B/OF,$4.25,$3.50,$3,$8,$1.80,50.0
519,Gavin Sheets,31572,19901.0,sa829797,SDP,1B/OF,$4.24,$3.00,$3,$9,$1.70,70.833
520,Alejandro Kirk,27207,22581.0,sa3005337,TOR,C,$4.23,$4.00,$3,$9,$3.20,91.667
521,Landen Roupp,40820,30076.0,sa3017869,SFG,SP,$4.22,$4.00,$3,$7,$2.50,75.0
522,Emmanuel Rodriguez,38456,,sa3014693,MIN ST,OF,$4.22,$4.00,$2,$8,$2.00,75.0
523,Chris Martin,18455,11847.0,sa596330,TEX,RP,$4.22,$4.00,$3,$6,$1.60,37.5
524,Slade Cecconi,38480,27500.0,sa3014739,CLE,SP,$4.22,$4.00,$3,$6,$2.30,37.5
525,Spencer Jones,42266,,sa3019969,NYY ST,OF,$4.21,$3.50,$2,$8,$2.70,100.0
526,Mike Yastrzemski,18383,14854.0,sa503161,ATL,OF,$4.20,$3.50,$3,$7,$1.90,41.667
527,Markevian Hence,38469,28672.0,sa3014709,STL ST,SP,$4.20,$4.00,$3,$5,$1.60,20.833
528,Lucas Giolito,18195,15474.0,sa657908,FA,SP,$4.20,$4.00,$3,$8,$2.10,62.5
529,Harry Ford,40675,29958.0,sa3017627,WSN,C,$4.20,$5.00,$3,$5,$1.70,20.833
530,Cole Young,42582,31680.0,sa3020459,SEA,2B/SS,$4.20,$4.00,$3,$7,$1.70,41.667
531,Ryne Nelson,37826,26253.0,sa3011524,ARI,SP/RP,$4.17,$4.00,$3,$7,$2.20,95.833
532,Zach Cole,42238,31583.0,sa3019937,HOU,OF,$4.17,$3.50,$3,$7,$2.20,25.0
533,Garrett Whitlock,27185,20191.0,sa3005306,BOS,RP,$4.13,$3.00,$3,$8,$1.80,95.833
534,Alex Freeland,42713,31665.0,sa3020653,LAD ST,2B/SS/3B,$4.13,$3.00,$3,$8,$2.70,33.333
535,J.P. Crawford,18272,15491.0,sa737507,SEA,SS,$4.13,$3.50,$3,$7,$1.80,33.333
536,Charlie Condon,45715,,sa3025257,COL AA,1B,$4.12,$3.00,$2,$10,$3.30,70.833
537,Miguel Vargas,34804,20178.0,sa3006896,CHW,1B/3B,$4.11,$3.00,$3,$9,$3.20,75.0
538,Carson Kelly,23714,13620.0,sa657963,CHC,C,$4.08,$3.00,$3,$8,$1.50,54.167
539,Lenyn Sosa,26411,22896.0,sa3004051,CHW,1B/2B,$4.08,$3.00,$3,$12,$1.90,54.167
540,Quinn Mathews,44554,,sa3023407,STL AAA,SP,$4.07,$4.00,$2,$7,$2.00,58.333
541,Max Meyer,38307,27474.0,sa3014430,MIA,SP,$4.07,$4.00,$3,$8,$1.90,58.333
542,Thomas Saggese,38402,27883.0,sa3014503,STL,2B/SS/3B,$4.00,$4.00,$4,$4,$1.70,8.333
543,C.J. Kayfus,44348,33704.0,sa3023068,CLE,1B/OF,$4.00,$3.00,$3,$12,$2.50,58.333
544,Kutter Crawford,26903,20531.0,sa3004798,BOS,RP,$4.00,$3.00,$3,$7,$2.30,25.0
545,Justin Verlander,15261,8700.0,sa277705,FA,SP,$4.00,$3.00,$3,$6,$1.80,25.0
546,Cody Bradford,38365,27597.0,sa3014463,TEX ST,RP,$4.00,$4.00,$3,$5,$2.00,8.333
547,Gregory Santos,32213,21894.0,sa917162,SFG ST,RP,$4.00,$3.00,$3,$7,$1.40,16.667
548,Tomoyuki Sugano,46090,35321.0,sa3025685,FA,SP,$4.00,$3.00,$3,$6,$1.80,12.5
549,Adrian Del Castillo,40238,29554.0,sa3016957,ARI,Util,$4.00,$3.00,$3,$6,$2.60,12.5
550,Hunter Bigge,37705,26259.0,sa3011341,TBR,RP,$4.00,$4.00,$4,$4,$1.90,4.167
551,Luis Urias,20827,16622.0,sa828496,MIL AAA,2B/3B,$4.00,$4.00,$3,$5,$1.70,8.333
552,Miguel Amaya,32321,21693.0,sa917354,CHC ST,C,$4.00,$4.00,$3,$5,$1.40,8.333
553,Nathan Lukes,22782,18123.0,sa875215,TOR,OF,$4.00,$4.00,$4,$4,$1.33,4.167
554,Josiah Gray,33683,24580.0,sa3007475,WSN ST,RP,$4.00,$4.00,$4,$4,$1.70,4.167
555,River Ryan,40181,29514.0,sa3016863,LAD,RP,$4.00,$4.00,$3,$7,$1.60,33.333
556,Joey Loperfido,40301,29630.0,sa3017050,TOR,OF,$4.00,$4.00,$3,$5,$1.80,8.333
557,Khal Stephen,46302,,sa3043049,CLE AA,SP,$4.00,$4.00,$4,$4,$2.50,4.167
558,Tommy Kahnle,14809,11384.0,sa526323,FA,RP,$4.00,$3.00,$3,$7,$1.60,16.667
559,Luis Campusano,26404,22217.0,sa3004041,SDP ST,C,$4.00,$4.00,$3,$5,$2.40,8.333
560,Colin Rea,18524,12317.0,sa578060,CHC,SP/RP,$4.00,$4.00,$4,$4,$1.90,8.333
561,Adrian Houser,28712,12718.0,sa597779,SFG,SP/RP,$4.00,$4.00,$3,$6,$2.00,29.167
562,Reed Garrett,21655,16866.0,sa830040,NYM,RP,$4.00,$4.00,$3,$5,$1.30,8.333
563,Masataka Yoshida,42722,31837.0,,BOS,OF,$4.00,$4.00,$3,$5,$1.60,12.5
564,Jose Caballero,26915,23401.0,sa3004817,NYY,2B/SS/3B/OF,$4.00,$3.00,$3,$6,$1.70,12.5
565,Edwin Arroyo,40674,,sa3017626,CIN ST,SS,$4.00,$4.00,$4,$4,$1.20,4.167
566,Kyle Karros,44012,33252.0,sa3022559,COL,3B,$4.00,$3.00,$3,$6,$1.67,12.5
567,Jose Leclerc,23764,14524.0,sa597170,FA,RP,$4.00,$4.00,$4,$4,$1.90,4.167
568,Carlos Santana,2933,2396.0,sa295203,FA,1B,$4.00,$4.00,$3,$5,$1.00,8.333
569,Yuki Matsui,44528,33826.0,sa3023348,SDP,RP,$4.00,$4.00,$3,$5,$1.60,8.333
570,Jack Perkins,42308,31468.0,sa3020076,ATH,SP/RP,$4.00,$4.00,$3,$5,$1.50,25.0
571,Ty France,23201,17982.0,sa876140,FA,1B,$4.00,$4.00,$4,$4,$1.40,4.167
572,Brock Stewart,23622,16727.0,sa550113,LAD ST,RP,$4.00,$3.00,$3,$6,$1.40,12.5
573,Fernando Cruz,8550,7048.0,sa389855,NYY,RP,$4.00,$3.50,$3,$6,$1.80,50.0
574,Bobby Miller,38335,27483.0,sa3014422,LAD ST,SP/RP,$4.00,$4.00,$3,$5,$2.80,12.5
575,Jordan Montgomery,21017,16511.0,sa828875,ARI ST,RP,$4.00,$4.00,$4,$4,$2.40,4.167
576,Sawyer Gipson-Long,37837,26048.0,sa3011536,DET,SP/RP,$4.00,$3.50,$3,$6,$2.20,16.667
577,Jacob Melton,42283,31661.0,sa3019988,TBR,OF,$4.00,$4.00,$4,$4,$2.00,4.167
578,Davis Schneider,26734,23565.0,sa3004518,TOR,2B/OF,$4.00,$3.50,$3,$7,$1.30,33.333
579,David Peterson,31541,20302.0,sa829588,NYM,SP,$3.94,$3.00,$3,$6,$1.60,70.833
580,Joe Musgrove,18462,12970.0,sa597766,SDP,RP,$3.94,$3.50,$3,$7,$1.70,66.667
581,Aaron Ashby,33672,23550.0,sa3007225,MIL,RP,$3.93,$3.50,$3,$8,$2.40,58.333
582,Joe Boyle,38397,29608.0,sa3014498,TBR,SP,$3.92,$4.00,$3,$5,$2.60,54.167
583,Austin Hays,23805,19363.0,sa874219,FA,OF,$3.92,$4.00,$3,$5,$2.90,50.0
584,Leo De Vries,44539,,sa3023363,ATH AA,SS,$3.91,$4.00,$2,$7,$2.60,95.833
585,Victor Robles,18516,18363.0,sa828409,SEA,OF,$3.90,$3.50,$3,$6,$1.90,41.667
586,Johan Oviedo,33424,22487.0,sa922365,BOS,SP,$3.86,$4.00,$3,$5,$1.60,29.167
587,Chad Patrick,40861,30113.0,sa3017933,MIL,SP,$3.83,$3.00,$3,$7,$2.10,50.0
588,Carlos Narvaez,32084,19722.0,sa916966,BOS,C,$3.83,$3.00,$3,$6,$1.60,25.0
589,Adrian Morejon,23672,20039.0,sa969093,SDP,RP,$3.82,$4.00,$3,$5,$1.60,91.667
590,Miguel Andujar,23720,15878.0,sa659185,FA,3B/OF,$3.80,$3.00,$3,$7,$3.00,41.667
591,Jose Alvarado,29992,17780.0,sa656049,PHI,RP,$3.80,$3.00,$3,$6,$2.50,20.833
592,Jacob Latz,31505,21306.0,sa829008,TEX,SP/RP,$3.80,$4.00,$3,$5,$2.14,20.833
593,Deyvison De Los Santos,38818,,sa3015168,MIA ST,1B/3B,$3.80,$4.00,$3,$5,$2.20,20.833
594,Cristian Javier,22694,17606.0,sa874816,HOU,SP,$3.78,$3.00,$3,$6,$2.40,75.0
595,Hagen Smith,45721,,sa3025544,CHW AA,SP,$3.76,$3.00,$2,$8,$1.60,87.5
596,Robert Gasser,40476,29812.0,sa3017310,MIL,SP/RP,$3.75,$3.50,$3,$5,$1.40,16.667
597,Drew Pomeranz,18095,11426.0,sa390654,LAA,RP,$3.75,$3.50,$3,$5,$1.30,16.667
598,Ethan Salas,42727,,sa3020881,SDP AA,Util,$3.75,$3.50,$2,$6,$2.40,16.667
599,Blaze Alexander,35300,23789.0,sa3007742,ARI,2B/3B,$3.75,$3.50,$3,$5,$2.10,16.667
600,Drew Gilbert,42276,31545.0,sa3019980,SFG,OF,$3.75,$3.50,$3,$5,$1.60,16.667
601,Aidan Miller,44052,,sa3022609,PHI AAA,SS,$3.75,$3.50,$2,$6,$3.50,100.0
602,Tyler Rogers,19904,15541.0,sa739036,TOR,RP,$3.74,$3.00,$3,$8,$1.50,79.167
603,Dillon Dingler,38308,27464.0,sa3014528,DET,C,$3.73,$4.00,$3,$6,$1.50,45.833
604,Noah Schultz,42873,,sa3020949,CHW AAA,SP,$3.71,$3.00,$2,$7,$3.20,87.5
605,Ernie Clement,31958,20352.0,sa915732,TOR,1B/2B/SS/3B,$3.71,$3.00,$3,$6,$2.80,29.167
606,Nick Gonzales,38314,27490.0,sa3014510,PIT,2B/SS,$3.71,$3.00,$3,$6,$1.70,29.167
607,Josue De Paula,41342,,sa3018591,LAD AA,OF,$3.71,$4.00,$2,$6,$2.70,87.5
608,A.J. Minter,23679,18655.0,sa659284,NYM,RP,$3.71,$3.00,$3,$5,$1.40,29.167
609,Patrick Sandoval,22876,19447.0,sa875337,BOS,RP,$3.67,$3.00,$3,$5,$1.70,12.5
610,Luis Garcia,27115,23735.0,sa3005197,FA,SP/RP,$3.67,$3.00,$3,$5,$1.30,12.5
611,JoJo Romero,23818,19574.0,sa917955,STL,RP,$3.67,$3.00,$3,$6,$1.30,37.5
612,Ryan Bergert,40554,29863.0,sa3017418,KCR,SP,$3.67,$3.00,$3,$6,$2.10,37.5
613,Curtis Mead,35725,23986.0,sa3008392,CHW,1B/2B/3B,$3.67,$4.00,$3,$4,$2.30,12.5
614,Tyler Wells,32804,20000.0,sa918346,BAL,SP/RP,$3.67,$3.00,$3,$5,$2.90,12.5
615,Eli Willits,47549,,sa3069164,WSN A,Util,$3.67,$3.50,$3,$5,$2.67,25.0
616,Seranthony Dominguez,30196,19249.0,sa657573,CHW,RP,$3.67,$3.00,$3,$5,$1.20,12.5
617,Michael Massey,37098,27684.0,sa1115910,KCR,2B/OF,$3.67,$3.00,$3,$5,$2.20,12.5
618,David Fry,34707,24934.0,sa3006787,CLE,Util,$3.67,$3.00,$3,$5,$2.30,12.5
619,Anthony Bender,32871,19742.0,sa918438,MIA,RP,$3.67,$3.00,$3,$5,$1.30,12.5
620,Zack Littell,19437,15823.0,sa737929,FA,SP,$3.67,$3.00,$3,$5,$1.20,37.5
621,Hayden Wesneski,37235,27581.0,sa3010617,HOU,SP,$3.67,$3.00,$3,$5,$2.40,12.5
622,Erik Sabrowski,38780,24978.0,sa3015121,CLE,RP,$3.67,$3.00,$3,$5,$1.60,12.5
623,Gabe Speier,19520,17170.0,sa738213,SEA,RP,$3.65,$3.00,$3,$5,$1.90,83.333
624,Ronny Henriquez,34103,24094.0,sa3005835,MIA,RP,$3.60,$3.50,$3,$5,$2.00,41.667
625,Jake Meyers,26783,20308.0,sa3004621,HOU,OF,$3.60,$3.00,$3,$5,$1.80,20.833
626,Jameson Taillon,14906,11674.0,sa548151,CHC,SP,$3.60,$3.00,$3,$6,$1.90,20.833
627,Heriberto Hernandez,33954,24878.0,sa3005630,MIA,OF,$3.60,$3.00,$3,$5,$2.00,20.833
628,DJ Herz,37942,26389.0,sa3011680,WSN ST,RP,$3.60,$3.00,$3,$5,$1.90,20.833
629,Colt Emerson,44248,,sa3022923,SEA AAA,SS,$3.59,$4.00,$2,$6,$3.10,91.667
630,Justin Crawford,42428,,sa3020240,PHI AAA,OF,$3.57,$2.00,$2,$10,$2.10,29.167
631,Steven Okert,18421,13580.0,sa550187,HOU,RP,$3.57,$3.00,$3,$9,$1.70,58.333
632,Jack Dreyer,41400,30249.0,sa3018789,LAD,SP/RP,$3.57,$3.00,$3,$5,$1.50,29.167
633,Dominic Canzone,37536,26438.0,sa1115890,SEA,OF,$3.56,$3.00,$3,$5,$1.70,37.5
634,Victor Scott II,42141,31349.0,sa3019838,STL,OF,$3.56,$3.00,$3,$5,$2.60,37.5
635,Bryan King,37210,25890.0,sa3010580,HOU,RP,$3.55,$3.00,$3,$5,$1.40,45.833
636,Garrett Cleavinger,20421,17897.0,sa827423,TBR,RP,$3.54,$3.00,$3,$9,$2.10,54.167
637,Phil Maton,22809,18064.0,sa875251,CHC,RP,$3.53,$3.00,$3,$6,$1.40,62.5
638,Romy Gonzalez,34602,21562.0,sa3006652,BOS,1B/2B,$3.53,$3.00,$3,$7,$1.30,62.5
639,Nick Mears,35865,25376.0,sa3008594,KCR,RP,$3.50,$3.50,$3,$4,$1.40,8.333
640,DL Hall,27165,22207.0,sa3005282,MIL,RP,$3.50,$3.50,$3,$4,$2.00,8.333
641,Sean Burke,40568,29878.0,sa3017461,CHW,SP/RP,$3.50,$3.00,$3,$5,$1.60,16.667
642,Nacho Alvarez Jr.,42206,31765.0,sa3019905,ATL,3B,$3.50,$3.50,$3,$4,$1.90,8.333
643,George Valera,33605,22541.0,sa3006872,CLE,OF,$3.50,$3.50,$3,$4,$2.00,8.333
644,Harrison Bader,21968,18030.0,sa857218,FA,OF,$3.50,$3.00,$3,$5,$1.70,41.667
645,John Means,29666,16269.0,sa602859,CLE AAA,SP/RP,$3.50,$3.50,$3,$4,$1.70,8.333
646,Matt Vierling,33666,21558.0,sa3006781,DET ST,OF,$3.50,$3.50,$3,$4,$1.80,8.333
647,Craig Yoho,44315,33248.0,sa3023032,MIL ST,RP,$3.50,$3.50,$3,$4,$1.50,8.333
648,David Robertson,2499,8241.0,sa328019,FA,RP,$3.50,$3.50,$3,$4,$1.60,8.333
649,Ryan Zeferjahn,37622,25420.0,sa3011217,LAA,RP,$3.50,$3.50,$3,$4,$1.44,8.333
650,Brendon Little,31812,21574.0,sa876266,TOR,RP,$3.50,$3.00,$3,$5,$1.40,41.667
651,Tylor Megill,35473,21318.0,sa3007988,NYM ST,SP,$3.50,$3.00,$3,$5,$3.10,25.0
652,Angel Martinez,36046,26540.0,sa3008762,CLE,2B/OF,$3.50,$3.50,$3,$4,$1.40,8.333
653,Thomas White,44487,,sa3023268,MIA AAA,SP,$3.50,$3.00,$2,$7,$3.80,83.333
654,Jake Bird,35548,21267.0,sa3008097,NYY ST,RP,$3.50,$3.50,$3,$4,$1.10,8.333
655,Colby Thomas,42746,31855.0,sa3020713,ATH,OF,$3.50,$3.00,$3,$5,$1.80,41.667
656,Huascar Brazoban,30367,6107.0,sa657849,NYM,RP,$3.50,$3.50,$3,$4,$1.30,8.333
657,Chase Petty,40879,30170.0,sa3017963,CIN ST,SP/RP,$3.50,$3.50,$3,$4,$1.10,8.333
658,Jamie Arnold,47565,,sa3026225,,Util,$3.50,$3.50,$2,$5,$3.25,8.333
659,Michael Arroyo,41180,,sa3018429,SEA AA,2B,$3.50,$3.50,$3,$4,$1.70,8.333
660,Jesus Made,45064,,sa3024108,MIL AA,SS,$3.48,$3.00,$2,$10,$2.10,95.833
661,Brad Keller,19378,15734.0,sa737865,PHI,RP,$3.45,$3.00,$3,$5,$1.20,45.833
662,Griffin Canning,33604,19867.0,sa829807,FA,SP,$3.43,$3.00,$3,$6,$2.00,29.167
663,Braydon Fisher,35436,24609.0,sa3007929,TOR,RP,$3.40,$3.00,$3,$4,$2.00,20.833
664,Shawn Armstrong,18558,12857.0,sa598951,CLE,RP,$3.40,$3.00,$3,$7,$1.40,41.667
665,Michael McGreevy,40648,29869.0,sa3017598,STL,SP,$3.40,$3.00,$3,$4,$1.60,41.667
666,Edward Florentino,44975,,sa3023944,PIT A,OF,$3.40,$3.00,$2,$7,$2.00,20.833
667,Chandler Simpson,42416,31912.0,sa3020219,TBR,OF,$3.40,$3.00,$3,$6,$1.70,41.667
668,Kody Clemens,35487,20572.0,sa3008002,MIN,1B/2B/OF,$3.40,$3.00,$3,$7,$1.60,41.667
669,Blake Treinen,18414,12572.0,sa549672,LAD,RP,$3.40,$3.00,$3,$5,$1.70,20.833
670,Josue Briceno,41335,,sa3018584,DET AA,C/1B,$3.39,$3.00,$2,$10,$2.20,75.0
671,Zyhir Hope,44114,,sa3022703,LAD AA,OF,$3.38,$3.00,$2,$6,$2.70,87.5
672,Otto Lopez,26570,19608.0,sa3004268,MIA,2B/SS,$3.35,$3.00,$3,$5,$1.30,70.833
673,Dylan Lee,32719,19996.0,sa918185,ATL,RP,$3.33,$3.00,$3,$4,$1.20,37.5
674,Rob Refsnyder,18345,13770.0,sa621680,SEA,OF,$3.33,$3.00,$3,$5,$1.20,25.0
675,Andrew Benintendi,18491,17901.0,sa738659,CHW,OF,$3.33,$3.00,$3,$5,$1.10,37.5
676,Edgar Quero,38887,28022.0,sa3015239,CHW,C,$3.33,$3.00,$3,$4,$2.10,12.5
677,Kyle Leahy,35030,24763.0,sa3007241,STL,RP,$3.33,$3.00,$3,$4,$1.80,12.5
678,Abraham Toro,32630,19844.0,sa918020,KCR ST,1B/3B,$3.33,$3.00,$3,$4,$1.40,12.5
679,AJ Blubaugh,42340,31764.0,sa3020112,HOU,SP/RP,$3.33,$3.00,$3,$4,$1.50,12.5
680,Ke'Bryan Hayes,18548,18577.0,sa874730,CIN,3B,$3.33,$3.00,$3,$4,$1.10,12.5
681,Gunnar Hoglund,39977,31318.0,sa3019785,ATH,SP,$3.33,$3.00,$3,$4,$2.40,12.5
682,Caleb Durbin,40398,29646.0,sa3017183,MIL,2B/3B,$3.30,$3.00,$3,$6,$1.50,41.667
683,Hunter Barco,43911,33174.0,sa3022409,PIT,SP/RP,$3.29,$3.00,$3,$5,$1.20,29.167
684,Felnin Celesten,42726,,sa3023381,SEA A+,SS,$3.25,$3.00,$2,$5,$1.33,16.667
685,Jerar Encarnacion,33503,21871.0,sa943817,SFG,OF,$3.25,$3.00,$3,$4,$1.60,16.667
686,Emilio Pagan,19394,14771.0,sa737885,CIN,RP,$3.22,$3.00,$3,$5,$1.20,37.5
687,Reid Detmers,38328,27468.0,sa3014425,LAA,RP,$3.22,$3.00,$3,$5,$1.70,37.5
688,Travis Sykora,44659,33573.0,sa3023557,WSN AA,SP,$3.20,$3.00,$2,$4,$2.50,20.833
689,Michael Soroka,22668,18383.0,sa874715,ARI,SP/RP,$3.20,$3.00,$3,$4,$1.20,20.833
690,Dean Kremer,31819,19350.0,sa876350,BAL,SP,$3.20,$3.00,$3,$4,$1.20,20.833
691,Jarlin Susana,41419,30375.0,sa3018808,WSN AA,SP,$3.19,$2.50,$2,$8,$3.10,66.667
692,Mike Burrows,35811,24728.0,sa3008517,HOU,SP,$3.17,$3.00,$3,$4,$1.50,25.0
693,Dylan Moore,22757,18042.0,sa875186,FA,1B/2B/3B/OF,$3.17,$3.00,$3,$4,$2.20,25.0
694,Jake Irvin,35618,21504.0,sa3008223,WSN,SP,$3.17,$3.00,$3,$4,$1.10,25.0
695,Dennis Santana,18985,17878.0,sa737018,PIT,RP,$3.14,$3.00,$3,$4,$1.40,58.333
696,Edgardo Henriquez,36539,26944.0,sa3009613,LAD,RP,$3.14,$3.00,$3,$4,$1.10,29.167
697,Danny Coulombe,27284,13293.0,sa455412,FA,RP,$3.14,$3.00,$3,$4,$1.60,29.167
698,Mike Tauchman,19369,15274.0,sa737856,FA,OF,$3.14,$3.00,$3,$4,$1.20,29.167
699,Luis Pena,45090,,sa3024134,MIL A+,2B/SS,$3.13,$3.00,$2,$7,$2.00,62.5
700,Louis Varland,37202,27691.0,sa3010572,TOR,RP,$3.09,$3.00,$3,$4,$1.50,45.833
701,Robby Snelling,42741,,sa3020707,MIA AAA,SP,$3.05,$3.00,$2,$10,$3.40,87.5
702,Lazaro Montes,41160,,sa3018409,SEA AA,OF,$3.05,$3.00,$2,$5,$2.10,91.667
703,Osvaldo Bido,26047,23150.0,sa3003138,MIA,SP/RP,$3.00,$3.00,$3,$3,$1.80,8.333
704,Calvin Faucher,26384,20116.0,sa3004013,MIA,RP,$3.00,$3.00,$3,$3,$1.00,16.667
705,Kris Bryant,18256,15429.0,sa549381,COL,Util,$3.00,$3.00,$3,$3,$1.50,4.167
706,Simeon Woods Richardson,35742,24494.0,sa3008423,MIN,SP,$3.00,$3.00,$3,$3,$1.50,16.667
707,Tyler Anderson,15081,12880.0,sa578009,FA,SP,$3.00,$3.00,$3,$3,$1.60,12.5
708,Reese McGuire,18295,15674.0,sa737505,FA,C,$3.00,$3.00,$3,$3,$1.38,4.167
709,Justin Turner,3013,5235.0,sa326827,FA,1B/3B,$3.00,$3.00,$3,$3,$2.20,4.167
710,Bradgley Rodriguez,39557,29107.0,sa3016035,SDP,RP,$3.00,$3.00,$3,$3,$1.00,4.167
711,Gage Stanifer,43455,,sa3021731,TOR AA,SP/RP,$3.00,$3.00,$3,$3,$2.00,4.167
712,Wilmer Flores,8583,5827.0,sa455617,FA,1B,$3.00,$3.00,$3,$3,$1.70,12.5
713,Davis Martin,35675,21448.0,sa3008311,CHW,SP,$3.00,$3.00,$3,$3,$1.13,8.333
714,Carmen Mlodzinski,38403,27572.0,sa3014505,PIT,SP/RP,$3.00,$3.00,$3,$3,$1.14,4.167
715,Jurrangelo Cijntje,45990,,sa3028930,SEA AA,SP,$3.00,$3.00,$3,$3,$2.00,4.167
716,Bo Naylor,33676,21865.0,sa3008247,CLE,C,$3.00,$3.00,$3,$3,$1.20,12.5
717,Brayan Rocchio,33650,23690.0,sa3005898,CLE,2B/SS,$3.00,$3.00,$3,$3,$1.10,4.167
718,Franklin Arias,43569,,sa3021845,BOS AA,SS,$3.00,$3.00,$3,$3,$1.50,4.167
719,Liam Hendriks,5778,3548.0,sa393300,FA,RP,$3.00,$3.00,$3,$3,$1.60,4.167
720,Joey Wentz,23817,19962.0,sa917946,ATL,SP/RP,$3.00,$3.00,$3,$3,$1.00,4.167
721,Hunter Harvey,18283,15507.0,sa737510,CHC,RP,$3.00,$3.00,$3,$3,$1.30,4.167
722,Brusdar Graterol,22524,20367.0,sa873310,LAD,RP,$3.00,$3.00,$3,$3,$2.20,4.167
723,Andre Pallante,37599,26108.0,sa3011186,STL,SP,$3.00,$3.00,$3,$3,$2.00,4.167
724,JP Sears,23865,23429.0,sa3004100,SDP,SP,$3.00,$3.00,$3,$3,$1.30,8.333
725,Craig Kimbrel,5677,6655.0,sa454499,NYM,RP,$3.00,$3.00,$3,$3,$2.20,4.167
726,Kai-Wei Teng,35018,24282.0,sa3007229,SFG,SP/RP,$3.00,$3.00,$3,$3,$1.00,4.167
727,Tony Santillan,22679,19926.0,sa874781,CIN,RP,$3.00,$3.00,$3,$3,$1.10,54.167
728,Ryan Yarbrough,19747,16502.0,sa738545,NYY,SP/RP,$3.00,$3.00,$3,$3,$1.30,4.167
729,Caden Dana,42380,31508.0,sa3020181,LAA,SP,$3.00,$3.00,$3,$3,$1.70,4.167
730,Chris Flexen,23843,13896.0,sa658306,FA,SP/RP,$3.00,$3.00,$3,$3,$1.80,4.167
731,Clayton Beeter,38428,27494.0,sa3014536,WSN,RP,$3.00,$3.00,$3,$3,$1.00,4.167
732,Jose A. Ferrer,34396,24017.0,sa3006373,SEA,RP,$3.00,$3.00,$3,$3,$2.00,16.667
733,Amed Rosario,18303,15518.0,sa732115,NYY,2B/3B,$3.00,$3.00,$3,$3,$1.30,8.333
734,Alejandro Rosario,44650,,sa3023538,WSN,Util,$3.00,$3.00,$3,$3,$1.10,4.167
735,Eli Morgan,31983,20203.0,sa915827,CHC CPX,RP,$3.00,$3.00,$3,$3,$1.60,4.167
736,Thomas Harrington,42769,31989.0,sa3020752,PIT ST,SP/RP,$3.00,$3.00,$3,$3,$1.70,8.333
737,Jeferson Quero,38989,,sa3015407,MIL ST,C,$3.00,$3.00,$2,$4,$2.00,12.5
738,Alex Call,31855,19296.0,sa913343,LAD,OF,$3.00,$3.00,$3,$3,$1.80,8.333
739,Ivan Melendez,42160,,sa3019859,ARI AAA,1B,$3.00,$3.00,$3,$3,$1.00,4.167
740,Griffin Conine,35928,21626.0,sa876060,MIA,OF,$3.00,$3.00,$3,$3,$1.00,8.333
741,Andrew Kittredge,27995,12828.0,sa577676,BAL,RP,$3.00,$3.00,$3,$3,$1.40,4.167
742,Mason Montgomery,40472,29770.0,sa3017306,PIT ST,RP,$3.00,$3.00,$3,$3,$1.60,8.333
743,Mitchell Parker,38689,27636.0,sa3014973,WSN,SP,$3.00,$3.00,$3,$3,$2.20,4.167
744,Logan Allen,38349,27589.0,sa3014444,CLE,SP,$3.00,$3.00,$3,$3,$2.30,4.167
745,Richard Fitts,40989,30160.0,sa3018182,STL,SP,$3.00,$3.00,$3,$3,$1.90,12.5
746,Riley O'Brien,26531,20348.0,sa3004210,STL,RP,$3.00,$3.00,$3,$3,$1.00,8.333
747,Austin Martin,38323,27462.0,sa3014454,MIN,OF,$3.00,$3.00,$3,$3,$1.60,12.5
748,Kyle Freeland,18363,16256.0,sa599746,COL,SP,$3.00,$3.00,$3,$3,$1.10,4.167
749,Jake Mangum,37660,26202.0,sa3011255,PIT,OF,$3.00,$3.00,$3,$3,$2.50,4.167
750,Kolby Allard,18532,18694.0,sa874245,CLE,RP,$3.00,$3.00,$3,$3,$1.50,4.167
751,Forrest Whitley,23746,19586.0,sa917930,TBR AAA,SP/RP,$3.00,$3.00,$3,$3,$1.10,4.167
752,Endy Rodriguez,35650,25332.0,sa3008272,PIT,C/1B,$3.00,$3.00,$3,$3,$1.20,4.167
753,Ryan Bliss,40232,29547.0,sa3016951,SEA ST,2B,$3.00,$3.00,$3,$3,$1.00,4.167
754,Andrew Heaney,18190,15423.0,sa502204,FA,SP,$3.00,$3.00,$3,$3,$1.80,4.167
755,Cole Sands,35878,21461.0,sa3008611,MIN,RP,$3.00,$3.00,$3,$3,$1.50,8.333
756,Matt Mervis,38733,27845.0,sa3015051,WSN AAA,1B,$3.00,$3.00,$3,$3,$1.50,4.167
757,Caleb Thielbar,6225,10078.0,sa502074,CHC,RP,$3.00,$3.00,$3,$3,$1.00,29.167
758,Ryan Clifford,42354,,sa3020126,NYM AAA,1B/OF,$3.00,$3.00,$3,$3,$2.00,4.167
759,JoJo Parker,47541,,sa3069248,,Util,$3.00,$3.00,$3,$3,$2.00,4.167
760,Hoby Milner,27458,13346.0,sa503539,CHC,RP,$3.00,$3.00,$3,$3,$1.00,4.167
761,Hunter Dobbins,41027,30240.0,sa3018275,STL,SP,$3.00,$3.00,$3,$3,$1.71,8.333
762,Robert Hassell III,38461,27482.0,sa3014701,WSN,OF,$3.00,$3.00,$3,$3,$1.30,8.333
763,Nick Yorke,38436,27504.0,sa3014546,PIT,2B/OF,$3.00,$3.00,$3,$3,$1.30,4.167
764,Jesus Tinoco,30258,16300.0,sa657723,MIA,RP,$3.00,$3.00,$3,$3,$1.10,4.167
765,Matt Svanson,40308,29629.0,sa3017070,STL,RP,$3.00,$3.00,$3,$3,$1.17,8.333
766,Taylor Clarke,22692,17611.0,sa874810,ARI,RP,$3.00,$3.00,$3,$3,$1.00,8.333
767,Eric Wagaman,25806,23395.0,sa3002875,MIN,1B/OF,$3.00,$3.00,$3,$3,$1.60,8.333
768,Blade Tidwell,42376,31701.0,sa3020177,SFG ST,SP/RP,$3.00,$3.00,$3,$3,$1.00,12.5
769,Bailey Falter,22725,20070.0,sa875033,KCR ST,SP,$3.00,$3.00,$3,$3,$1.00,12.5
770,Greg Weissert,32904,20375.0,sa918484,BOS,RP,$3.00,$3.00,$3,$3,$1.00,4.167
771,Enrique Hernandez,11508,10472.0,sa501542,FA,1B/2B/3B/OF/RP,$3.00,$3.00,$3,$3,$1.90,12.5
772,Luis L. Ortiz,37166,27646.0,sa1172057,CLE,SP,$3.00,$3.00,$3,$3,$2.00,4.167
773,Logan Evans,44354,33699.0,sa3023077,SEA,SP,$3.00,$3.00,$3,$3,$2.00,4.167
774,James Outman,35094,24770.0,sa3007312,MIN,OF,$3.00,$3.00,$3,$3,$2.50,4.167
775,Jared Koenig,38641,27517.0,sa3014906,MIL,RP,$3.00,$3.00,$3,$3,$1.20,4.167
776,Ben Lively,18332,14932.0,sa549720,CLE,SP,$3.00,$3.00,$3,$3,$1.10,4.167
777,Brad Lord,42798,31972.0,sa3020812,WSN,SP/RP,$3.00,$3.00,$3,$3,$1.30,8.333
778,Joel Peguero,32455,21951.0,sa917689,SFG,RP,$3.00,$3.00,$3,$3,$1.00,4.167
779,Victor Caratini,19285,14968.0,sa737618,MIN,C/1B,$3.00,$3.00,$3,$3,$1.20,8.333
780,Braxton Garrett,23723,21844.0,sa917923,MIA ST,RP,$3.00,$3.00,$3,$3,$2.90,4.167
781,Tyler Locklear,42267,31396.0,sa3019970,ARI,1B,$3.00,$3.00,$3,$3,$2.10,8.333
782,Lake Bachar,32612,19222.0,sa917993,MIA,RP,$3.00,$3.00,$3,$3,$1.00,4.167
783,Janson Junk,26807,23301.0,sa3004659,MIA,SP/RP,$3.00,$3.00,$3,$3,$2.00,4.167
784,Mike Vasil,40852,30105.0,sa3017915,CHW,RP,$3.00,$3.00,$3,$3,$1.71,8.333
785,Ryan Thompson,21321,16647.0,sa829336,ARI,RP,$3.00,$3.00,$3,$3,$1.00,4.167
786,Jalen Beeks,20427,17192.0,sa827439,FA,RP,$3.00,$3.00,$3,$3,$1.30,4.167
787,Jordan Hicks,23864,19618.0,sa875019,BOS,SP/RP,$3.00,$3.00,$3,$3,$1.90,4.167
788,Jordan Leasure,40656,29950.0,sa3017607,CHW,RP,$3.00,$3.00,$3,$3,$1.40,8.333
789,Trey Sweeney,40254,29575.0,sa3016973,DET,SS,$3.00,$3.00,$3,$3,$1.20,4.167
790,Ty Johnson,44568,,sa3023410,TBR AA,SP/RP,$3.00,$3.00,$3,$3,$2.00,4.167
791,Keibert Ruiz,22219,19610.0,sa872528,WSN ST,C,$3.00,$3.00,$3,$3,$1.50,16.667
792,Miguel Rojas,4475,7802.0,sa455627,LAD,2B/SS/3B,$3.00,$3.00,$3,$3,$1.20,4.167
793,Will Wagner,40317,29634.0,sa3017079,SDP,1B/3B,$3.00,$3.00,$3,$3,$1.40,8.333
794,Casey Schmitt,38383,27577.0,sa3014484,SFG,1B/2B/3B,$3.00,$3.00,$3,$3,$1.50,4.167
795,Tim Herrin,35051,25139.0,sa3007262,CLE,RP,$3.00,$3.00,$3,$3,$1.30,4.167
796,Jared Triolo,36984,25807.0,sa3010272,PIT,1B/2B/SS/3B,$3.00,$3.00,$3,$3,$1.30,4.167
797,Patrick Corbin,8520,9323.0,sa500846,FA,SP,$3.00,$3.00,$3,$3,$1.30,4.167
798,Erik Miller,37700,26252.0,sa3011336,SFG ST,RP,$3.00,$3.00,$3,$3,$1.10,12.5
799,Jon Gray,18244,14916.0,sa549112,FA,SP/RP,$3.00,$3.00,$3,$3,$2.70,4.167
800,Gregory Soto,19136,19677.0,sa737262,PIT,RP,$3.00,$3.00,$3,$3,$1.30,16.667
801,Bryan Baker,31488,19804.0,sa739000,TBR,RP,$3.00,$3.00,$3,$3,$1.10,4.167
802,James Tibbs III,45862,,sa3025333,LAD AA,OF,$3.00,$3.00,$3,$3,$1.33,4.167
803,Ryan Gusto,38043,26440.0,sa3011818,MIA,SP/RP,$3.00,$3.00,$3,$3,$1.90,8.333
804,Jason Alexander,26373,19666.0,sa3003997,HOU,SP/RP,$3.00,$3.00,$3,$3,$1.00,4.167
805,Xavier Isaac,42621,,sa3020498,TBR AA,Util,$3.00,$3.00,$2,$4,$1.70,25.0
806,Robert Stephenson,18135,13594.0,sa597792,LAA,RP,$3.00,$3.00,$3,$3,$1.10,4.167
807,Justin Sterner,38613,27694.0,sa3014864,ATH,RP,$3.00,$3.00,$3,$3,$1.30,4.167
808,Josh Bell,18152,13145.0,sa597768,MIN,1B,$3.00,$3.00,$3,$3,$1.10,16.667
809,Brice Matthews,44016,33280.0,sa3022563,HOU,2B,$3.00,$3.00,$3,$3,$1.20,4.167
810,Kevin Kelly,36825,25679.0,sa3009999,TBR,RP,$3.00,$3.00,$3,$3,$1.00,4.167
811,Termarr Johnson,42147,,sa3020214,PIT AA,2B,$3.00,$3.00,$3,$3,$1.90,4.167
812,Tyler Bremner,47554,,sa3027644,,Util,$3.00,$3.00,$3,$3,$1.33,4.167
813,Martin Perez,8147,6902.0,sa455689,FA,SP,$3.00,$3.00,$3,$3,$1.10,12.5
814,Luis Matos,36040,26467.0,sa3008756,SFG ST,OF,$3.00,$3.00,$3,$3,$1.30,20.833
815,Mitch Farris,44237,33628.0,sa3022912,LAA,SP,$3.00,$3.00,$3,$3,$1.00,4.167
816,Justin Wrobleski,41926,31204.0,sa3019501,LAD,SP/RP,$3.00,$3.00,$3,$3,$2.10,8.333
817,Jahmai Jones,22689,18872.0,sa874807,DET,OF,$3.00,$3.00,$3,$3,$1.00,8.333
818,Paul Sewald,23838,13892.0,sa658150,FA,RP,$3.00,$3.00,$3,$3,$2.40,4.167
819,Trevor McDonald,38056,26448.0,sa3011835,SFG,SP/RP,$3.00,$3.00,$3,$3,$1.00,4.167
820,Max Anderson,44020,,sa3022567,DET AAA,2B/3B,$3.00,$3.00,$3,$3,$1.00,4.167
821,Jason Foley,31937,19531.0,sa915677,SFG ST,RP,$3.00,$3.00,$3,$3,$1.60,4.167
822,Brant Hurter,40931,30133.0,sa3018091,DET,RP,$3.00,$3.00,$3,$3,$1.00,8.333
823,Kaleb Ort,25726,20061.0,sa3002783,NYY,RP,$3.00,$3.00,$3,$3,$1.00,4.167
824,Sean Newcomb,18459,16943.0,sa709548,CHW,SP/RP,$3.00,$3.00,$3,$3,$1.40,8.333
825,Jonah Heim,19360,16930.0,sa737843,FA,C,$3.00,$3.00,$3,$3,$1.40,4.167
826,Aaron Bummer,29222,16258.0,sa599349,ATL,RP,$3.00,$3.00,$3,$3,$1.40,16.667
827,Eduard Bazardo,22527,20997.0,sa873313,SEA,RP,$3.00,$3.00,$3,$3,$1.00,4.167
828,George Lombard Jr.,44470,,sa3023233,NYY AA,SS,$2.83,$3.00,$2,$4,$1.56,25.0
829,Braden Montgomery,45739,,sa3038253,CHW AA,OF,$2.80,$3.00,$2,$4,$1.60,41.667
830,JR Ritchie,42538,,sa3020395,ATL AAA,SP,$2.67,$3.00,$2,$3,$1.40,12.5
831,Eduardo Quintero,43129,,sa3021208,LAD A+,OF,$2.56,$2.00,$2,$4,$1.50,37.5
832,Mike Sirota,46289,,sa3042374,LAD A+,OF,$2.50,$2.50,$2,$3,$2.25,8.333
833,Gage Jump,46221,,sa3034986,ATH AA,SP,$2.50,$2.00,$2,$4,$1.60,58.333
834,Rainiel Rodriguez,45018,,sa3023987,STL A+,C,$2.50,$2.50,$2,$3,$4.33,8.333
835,Jackson Ferris,42854,,sa3020891,LAD AA,SP,$2.50,$2.50,$2,$3,$1.33,8.333
836,Bryce Rainer,45797,,sa3066592,DET A,SS,$2.50,$2.50,$2,$3,$1.33,8.333
837,Juan Brito,36665,,sa3009808,CLE ST,2B,$2.50,$2.50,$2,$3,$1.20,8.333
838,Elmer Rodriguez-Cruz,41901,,sa3019459,NYY ST,SP,$2.40,$2.00,$2,$3,$1.40,20.833
839,Ryan Waldschmidt,45789,,sa3025261,ARI AA,OF,$2.33,$2.00,$2,$5,$1.30,37.5
840,Kaelen Culpepper,45881,,sa3025360,MIN AA,SS,$2.29,$2.00,$2,$3,$1.33,29.167
841,Ricky Tiedemann,40936,30165.0,sa3018096,TOR ST,Util,$2.25,$2.00,$2,$3,$1.80,16.667
842,Joseph Sullivan,45923,,sa3025413,HOU AA,OF,$2.00,$2.00,$2,$2,$1.00,4.167
843,Brandon Butterworth,45829,,sa3025264,BAL AA,2B/SS,$2.00,$2.00,$2,$2,$1.00,4.167
844,Angel Genao,39279,,sa3015706,CLE ST,SS,$2.00,$2.00,$2,$2,$1.20,12.5
845,Kendry Rojas,40077,,sa3016746,MIN ST,SP,$2.00,$2.00,$2,$2,$1.00,4.167
846,Cam Collier,42359,,sa3020131,CIN CPX,1B/3B,$2.00,$2.00,$2,$2,$1.50,4.167
847,Abimelec Ortiz,40214,,sa3016926,WSN AAA,1B/OF,$2.00,$2.00,$2,$2,$1.00,4.167
848,Nelson Rada,41172,,sa3018421,LAA AAA,OF,$2.00,$2.00,$2,$2,$1.00,4.167
849,Brayden Taylor,44246,,sa3022921,TBR AA,2B/3B,$2.00,$2.00,$2,$2,$1.00,4.167
850,Arjun Nimmala,43892,,sa3022892,TOR A+,SS,$2.00,$2.00,$2,$2,$1.00,16.667
851,Jhancarlos Lara,41842,,sa3019367,ATL ST,SP/RP,$2.00,$2.00,$2,$2,$1.00,4.167
852,Ryan Ward,37113,,sa1169792,LAD ST,1B/OF,$2.00,$2.00,$2,$2,$1.00,16.667
853,Brandan Bidois,38894,,sa3015277,PIT ST,RP,$2.00,$2.00,$2,$2,$1.00,8.333
854,Kyson Witherspoon,47918,,sa3045487,,Util,$2.00,$2.00,$2,$2,$1.00,4.167
855,Alfredo Duno,42988,,sa3021066,CIN A,C,$2.00,$2.00,$2,$2,$1.00,8.333
856,Grant Cherry,46553,,sa3067452,TEX A,RP,$2.00,$2.00,$2,$2,$1.00,4.167
857,Cooper Ingle,44349,,sa3023069,CLE AAA,C,$2.00,$2.00,$2,$2,$1.00,4.167
858,Luis Baez,41233,,sa3018482,HOU AA,OF,$2.00,$2.00,$2,$2,$1.00,4.167
859,Blake Mitchell,44146,,sa3022756,KCR A+,C,$2.00,$2.00,$2,$2,$1.00,4.167
860,Jonny Farmelo,44538,,sa3023362,SEA A+,OF,$2.00,$2.00,$2,$2,$1.00,4.167
861,Miguel Ullola,39919,,sa3016504,HOU ST,SP/RP,$2.00,$2.00,$2,$2,$1.00,4.167
862,Seth Hernandez,47555,,sa3069247,,Util,$2.00,$2.00,$2,$2,$1.00,4.167
863,Daniel Espino,37812,,sa3011495,CLE ST,Util,$2.00,$2.00,$2,$2,$1.90,4.167
864,Mikey Romero,42413,,sa3020216,BOS AAA,2B/SS/3B,$2.00,$2.00,$2,$2,$1.00,4.167
865,Austin Peterson,42836,,sa3020868,CLE ST,SP,$2.00,$2.00,$2,$2,$1.00,8.333
866,Luke Adams,42362,,sa3020135,MIL AA,1B/3B,$2.00,$2.00,$2,$2,$1.00,4.167
867,Jaison Chourio,41151,,sa3018399,CLE A+,OF,$2.00,$2.00,$2,$2,$1.33,4.167
868,Josuar Gonzalez,46099,,sa3067675,SFG DSL,SS,$2.00,$2.00,$2,$2,$1.00,4.167
869,Luis Perales,38443,,sa3014677,WSN ST,Util,$2.00,$2.00,$2,$2,$1.00,4.167
870,Trey Gibson,44473,,sa3023250,BAL AAA,SP,$2.00,$2.00,$2,$2,$4.00,4.167
